state,district,demo_update_intensity,total_enrollments,bio_refresh_rate,age_disparity,update_enrol_ratio,temporal_volatility
Andaman & Nicobar Islands,Andamans,0.0,0.0,181.92321301059218,0.0,0.0,89.42166703152023
Andaman & Nicobar Islands,Nicobars,0.0,0.0,0.0,0.0,0.0,0.0
Andaman & Nicobar Islands,South Andaman,0.0,0.0,118.34656084656083,0.0,0.0,61.05060770682934
Andaman And Nicobar Islands,Nicobar,0.0,0.0,58.316347506220914,0.0,0.0,91.36679607392666
Andaman And Nicobar Islands,North And Middle Andaman,0.0,0.0,149.82728853438869,0.0,0.0,257.7987028360166
Andaman And Nicobar Islands,South Andaman,0.0,0.0,295.57466354158066,0.0,0.0,59.09162391443141
Andhra Pradesh,Adilabad,0.0,0.0,4490.957188257883,0.0,0.0,92.69153263907297
Andhra Pradesh,Alluri Sitharama Raju,0.0,0.0,727.1069261101507,0.0,0.0,256.94532120535996
Andhra Pradesh,Anakapalli,0.0,0.0,65.6039649084743,0.0,0.0,226.88972793457975
Andhra Pradesh,Anantapur,870.8747514910536,2012.0,432.6542871888391,108.7972166998012,3756.4115308151095,188.65927425412136
Andhra Pradesh,Ananthapur,0.0,0.0,437.9580302958333,0.0,0.0,220.42817378192998
Andhra Pradesh,Ananthapuramu,1051.7959770114942,1392.0,135.55585856086023,228609.35832732517,7211.278735632184,272.7803377981061
Andhra Pradesh,Annamayya,0.0,0.0,6.575143637773266,0.0,0.0,283.08672490416745
Andhra Pradesh,Bapatla,0.0,0.0,81.59591257053356,0.0,0.0,223.7446483783804
Andhra Pradesh,Chittoor,1377.1113501882733,3718.0,593.1668430775047,270147.94030253915,5954.572350726196,261.5687034794497
Andhra Pradesh,Cuddapah,938.2716049382717,2592.0,876.1424935545012,113.54166666666667,5413.850308641975,219.46946088588658
Andhra Pradesh,Dr. B. R. Ambedkar Konaseema,0.0,0.0,33.951372985956404,0.0,0.0,222.14418957799884
Andhra Pradesh,East Godavari,1141.4174972314506,3612.0,184.417084958999,912569.1796008869,6812.486157253599,229.9083025012804
Andhra Pradesh,Eluru,0.0,0.0,33.70732098011225,0.0,0.0,194.5212670774321
Andhra Pradesh,Guntur,1363.3451957295374,3934.0,242.64057324546658,474302.30377166165,6527.020843924758,260.5018358725783
Andhra Pradesh,Hyderabad,385.8594785682722,2263.0,70.26595841777066,778758.267020336,3536.544410075121,152.07125168407453
Andhra Pradesh,K.V. Rangareddy,0.0,0.0,31.349206349206348,0.0,0.0,68.42221861354686
Andhra Pradesh,K.V.Rangareddy,0.0,0.0,7.965979764225377,0.0,0.0,80.45428631948643
Andhra Pradesh,Kakinada,0.0,0.0,54.52510744019557,0.0,0.0,253.70147017134371
Andhra Pradesh,Karim Nagar,0.0,0.0,102.76689538531643,0.0,0.0,70.11678569617717
Andhra Pradesh,Karimnagar,0.0,0.0,907.5719367495337,0.0,0.0,81.05356397574698
Andhra Pradesh,Khammam,0.0,0.0,474.31570683893284,0.0,0.0,129.06516787249032
Andhra Pradesh,Krishna,955.595199481025,3083.0,143.91227208613134,289099.46504735056,6264.2880311385015,209.75622195804263
Andhra Pradesh,Kurnool,1098.5661693470258,5161.0,475.745418384748,483858.9633080955,5945.436930827359,284.57123677825524
Andhra Pradesh,Mahabub Nagar,0.0,0.0,2472.1334498990805,0.0,0.0,62.350170357349185
Andhra Pradesh,Mahabubnagar,0.0,0.0,142.7777777777778,0.0,0.0,50.06882315714638
Andhra Pradesh,Mahbubnagar,0.0,0.0,804.0015985248621,0.0,0.0,153.64658196297248
Andhra Pradesh,Medak,0.0,0.0,748.2231337892736,0.0,0.0,137.11643613220053
Andhra Pradesh,N. T. R,0.0,0.0,36.19385299457976,0.0,0.0,250.53325917098076
Andhra Pradesh,Nalgonda,0.0,0.0,2131.1296970281896,0.0,0.0,115.13198776354668
Andhra Pradesh,Nandyal,0.0,0.0,5.5432933760516265,0.0,0.0,287.82768932510174
Andhra Pradesh,Nellore,704.2527339003645,2469.0,505.54119887139854,788784.6980137819,5185.459700283515,186.76726217632987
Andhra Pradesh,Nizamabad,0.0,0.0,458.3187541411426,0.0,0.0,111.0739820821333
Andhra Pradesh,Palnadu,0.0,0.0,42.815266638446204,0.0,0.0,278.5064207941965
Andhra Pradesh,Parvathipuram Manyam,0.0,0.0,-9.739044478608047,0.0,0.0,257.04300331410565
Andhra Pradesh,Prakasam,770.2944942381562,3905.0,683.9720313864033,49361.92666392367,4633.572343149808,188.31187744655895
Andhra Pradesh,Rangareddi,0.0,0.0,71.75756720603569,0.0,0.0,170.01478305403305
Andhra Pradesh,Spsr Nellore,0.0,2183.0,0.0,0.0,0.0,0.0
Andhra Pradesh,Sri Potti Sriramulu Nellore,0.0,0.0,65.50171112061773,0.0,0.0,229.83020108471752
Andhra Pradesh,Sri Sathya Sai,0.0,0.0,55.90330432783988,0.0,0.0,250.39543253140505
Andhra Pradesh,Srikakulam,2027.6892430278886,2008.0,165.41264408239877,559143.056943057,8940.737051792828,275.00345285827314
Andhra Pradesh,Tirupati,0.0,0.0,114.05184456844036,0.0,0.0,293.26933958755774
Andhra Pradesh,Visakhapatnam,1317.2656038908403,3701.0,59.20558197088861,478334.826050319,7476.222642529046,272.3537745307242
Andhra Pradesh,Vizianagaram,1025.7906215921485,1834.0,182.16328570459996,813411.2445414847,7035.714285714286,218.7818817052851
Andhra Pradesh,Warangal,0.0,0.0,52.28683235511266,0.0,0.0,173.5513723117387
Andhra Pradesh,West Godavari,1347.4335638878777,2747.0,1616.4914560015231,274978.78427787934,6916.963960684383,256.8011304605082
Andhra Pradesh,Y. S. R,0.0,0.0,17.039110384281493,0.0,0.0,271.90584507025727
Arunachal Pradesh,Anjaw,0.0,0.0,-12.105638180136749,0.0,0.0,136.83622873030362
Arunachal Pradesh,Changlang,0.0,0.0,-5.296586885621895,0.0,0.0,91.75346621302036
Arunachal Pradesh,Dibang Valley,0.0,0.0,11.165311653116529,0.0,0.0,61.40570948230134
Arunachal Pradesh,East Kameng,0.0,0.0,27.55270809181744,0.0,0.0,80.81386799347653
Arunachal Pradesh,East Siang,0.0,0.0,52.34949332674246,0.0,0.0,94.86541434580069
Arunachal Pradesh,Kamle,0.0,0.0,32.291666666666664,0.0,0.0,103.35830468102931
Arunachal Pradesh,Kra Daadi,0.0,0.0,-7.7451237187210795,0.0,0.0,196.27526058728583
Arunachal Pradesh,Kurung Kumey,0.0,0.0,317.51992733308884,0.0,0.0,40.4905649594339
Arunachal Pradesh,Leparada,0.0,0.0,0.0,0.0,0.0,47.14045207910317
Arunachal Pradesh,Lohit,0.0,0.0,20.255805564693038,0.0,0.0,112.6838350315051
Arunachal Pradesh,Longding,0.0,0.0,15.105849295406395,0.0,0.0,132.3192750452926
Arunachal Pradesh,Lower Dibang Valley,0.0,0.0,62.03513685705467,0.0,0.0,74.98457207459145
Arunachal Pradesh,Lower Siang,0.0,0.0,38.125,0.0,0.0,70.24499582646459
Arunachal Pradesh,Lower Subansiri,0.0,0.0,32.67812423473824,0.0,0.0,52.46616239464753
Arunachal Pradesh,Namsai,0.0,0.0,108.15990557473256,0.0,0.0,56.570562124190396
Arunachal Pradesh,Pakke Kessang,0.0,0.0,1.8518518518518507,0.0,0.0,124.74463711837845
Arunachal Pradesh,Papum Pare,0.0,0.0,132.97688481871566,0.0,0.0,182.2312190739615
Arunachal Pradesh,Shi-Yomi,0.0,0.0,23.888888888888886,0.0,0.0,30.618621784789728
Arunachal Pradesh,Siang,0.0,0.0,12.038691725326071,0.0,0.0,93.08358661373344
Arunachal Pradesh,Tawang,0.0,0.0,94.41113216065231,0.0,0.0,159.65049718056
Arunachal Pradesh,Tirap,0.0,0.0,67.21592771128087,0.0,0.0,65.12553713781895
Arunachal Pradesh,Upper Siang,0.0,0.0,40.82396350852727,0.0,0.0,99.43689110435825
Arunachal Pradesh,Upper Subansiri,0.0,0.0,359.72098298730214,0.0,0.0,215.20969206645333
Arunachal Pradesh,West Kameng,0.0,0.0,10.51906411979656,0.0,0.0,202.86550114285848
Arunachal Pradesh,West Siang,0.0,0.0,8.93490862949642,0.0,0.0,181.47435340507977
Assam,Bajali,0.0,0.0,50.0,0.0,0.0,39.26158474080033
Assam,Baksa,190.6135717188135,2461.0,138.66438530790998,1521.6972780148353,620.6013815522145,208.9846563884952
Assam,Barpeta,158.1151832460733,10887.0,357.3041457075095,4291.977802678173,669.7804721227152,202.89149399788462
Assam,Biswanath,0.0,0.0,45.31177776051483,0.0,0.0,166.38943332237463
Assam,Bongaigaon,618.3682983682984,2145.0,25.70712723235891,7770.2123520829955,1599.3006993006993,300.7992718602774
Assam,Cachar,115.4206280610775,13884.0,27.595014954312045,1232.7352872733848,417.5525785076347,202.51370306876743
Assam,Charaideo,0.0,0.0,26.587037197018017,0.0,0.0,208.637276149394
Assam,Chirang,108.12379110251452,2585.0,724.3015842076858,1022.6484533521055,669.1295938104448,93.13773844323883
Assam,Darrang,138.3493031358885,4592.0,304.88683796490153,818.6081964511345,490.67944250871085,148.53690000296277
Assam,Dhemaji,120.04853462759006,5357.0,68.07330731195671,627.0232351121405,350.9426918051148,258.40009958768246
Assam,Dhubri,259.5409540954095,8888.0,118.88508563697668,6156.84501193813,686.7349234923493,210.61710835357036
Assam,Dibrugarh,131.73458348359176,5546.0,117.4393193636053,551.5857298192848,507.39271547060946,157.44364175764153
Assam,Dima Hasao,0.0,0.0,100.0,0.0,0.0,62.36095644623235
Assam,Goalpara,142.87020109689215,7658.0,797.4685969236017,1472.8335830258648,323.8965787411857,224.29120986107068
Assam,Golaghat,87.657900186374,9658.0,111.20781054526664,482.3367290692689,200.52805963967697,227.34020567452325
Assam,Hailakandi,169.4781233526621,3794.0,1521.672630408501,2871.8090246177007,506.7474960463891,157.38497244157384
Assam,Hojai,109.85309924758151,5582.0,31.284671309761197,3567.930241266785,411.7162307416696,112.40772375659142
Assam,Jorhat,158.4300549786194,3274.0,70.44633716348488,702.7297498761426,432.46792913866835,203.27184879665668
Assam,Kamrup,107.6086956521739,10580.0,11.768192893552568,1224.8230430403344,380.7183364839319,154.33070675747058
Assam,Kamrup Metro,181.0795923987882,3631.0,15.887728847105558,846.9836776616916,707.9316992564032,139.84885334122333
Assam,Karbi Anglong,122.53246753246754,6160.0,9.238380699390516,813.0287378031495,421.25000000000006,169.5367399027445
Assam,Karimganj,106.52399358913924,10607.0,387.6442770853504,1759.832119825255,256.83982275855567,150.245618395635
Assam,Kokrajhar,165.28877162122544,3411.0,43.810596865934286,1204.6442063481934,722.3394898856641,185.15051533621372
Assam,Lakhimpur,190.69988588817043,5258.0,2.596427183473294,1737.97148441545,502.8718143780905,213.27391664052575
Assam,Majuli,0.0,0.0,47.47569265645687,0.0,0.0,74.16591468170414
Assam,Marigaon,155.50245098039215,8160.0,30.219176727389087,1598.3228648027573,420.5759803921569,200.7973540417752
Assam,Nagaon,278.4779614325069,8712.0,35.711530772495074,7247.511117735345,998.7029384756659,149.0252677792063
Assam,Nalbari,290.41942604856513,2265.0,7.085877184444371,3788.170004586455,751.6997792494482,209.14448673935286
Assam,North Cachar Hills,0.0,0.0,834.5428904052892,0.0,0.0,146.7311642819251
Assam,Sibsagar,219.96547756041429,1738.0,14.812387220554445,651.1253876827647,616.9735327963176,165.40029988971094
Assam,Sonitpur,235.16271904486808,5193.0,0.599006330727759,3318.016160378631,580.685538224533,176.40467362023924
Assam,South Salmara Mankachar,0.0,0.0,3.0527143248999358,0.0,0.0,153.03149527451322
Assam,Sribhumi,0.0,0.0,26.69642857142857,0.0,0.0,57.653242783742684
Assam,Tamulpur District,0.0,0.0,19.047619047619044,0.0,0.0,57.52210018202707
Assam,Tinsukia,151.9151052893384,6031.0,381.6546230915521,735.5387322303405,359.0449345050572,190.7709238581763
Assam,Udalguri,188.0749014454665,3044.0,280.5605787330788,965.6342444681103,628.9421813403417,193.41822554688065
Assam,West Karbi Anglong,25.285285285285287,1665.0,676.7941618431776,90.29732572292929,127.44744744744744,165.6086966452567
Bihar,Araria,486.09292502639914,9470.0,268.72833581478994,49797.83185781084,1716.5153115100318,170.18398533231579
Bihar,Arwal,349.7497914929108,2398.0,65.62140078305292,25522.885698198195,1270.2251876563803,194.76736519766658
Bihar,Aurangabad,598.1365201539396,4937.0,219.6321375466484,91744.21844701121,1996.6173789750862,192.29639987035705
Bihar,Banka,565.3239342061095,5958.0,235.27414839414135,45162.04862418511,1781.2688821752265,204.85630894176455
Bihar,Begusarai,608.7436586093704,6702.0,275.90767139881626,89401.59208497954,2240.3610862429127,194.44625453138545
Bihar,Bhabua,0.0,0.0,16.666666666666668,0.0,0.0,42.5523159002817
Bihar,Bhagalpur,292.3935510541546,14514.0,45.30461029424063,10536.4220429184,1038.0873639244867,201.99555496437762
Bihar,Bhojpur,663.8376383763838,6504.0,91.67025223866233,85340.09140665416,1751.091635916359,116.36043041470867
Bihar,Buxar,510.7704402515723,3816.0,173.8314195697783,53445.35361545671,1591.5094339622642,161.64856035110822
Bihar,Darbhanga,473.05930568948895,8296.0,56.419847642033616,76907.33086924786,2294.1176470588234,153.66688437854052
Bihar,East Champaran,399.21754404641507,18787.0,302.0834675200022,12026.989191895618,1214.1959865864694,193.7608604109825
Bihar,Gaya,333.68009687362394,18168.0,118.4404774388619,14958.302501154612,1111.8174812857771,209.48940832463282
Bihar,Gopalganj,278.9855072463768,10350.0,50.504554719949624,16536.636148227077,1007.7391304347825,192.4601998553388
Bihar,Jamui,290.4852660900161,6821.0,95.83392903400612,13498.577770635384,1102.506963788301,183.94914532067068
Bihar,Jehanabad,460.875859572928,2763.0,38.87543199580011,10084.138006397647,1412.9207383279045,181.86493961987722
Bihar,Kaimur (Bhabua),328.67058195408435,5619.0,103.07346398205341,24237.56017815308,1364.4598683039687,126.71512492221892
Bihar,Katihar,593.3997901364114,9530.0,294.431261502417,77459.30035933206,2255.424973767051,176.03554595386504
Bihar,Khagaria,532.1830985915493,4260.0,286.0299979151584,49830.33142751432,1898.4037558685447,154.0214857875409
Bihar,Kishanganj,1039.173266370485,5177.0,567.8458242171508,573001.4103887168,2861.1357929302685,137.53793836675248
Bihar,Lakhisarai,328.26908541194257,3969.0,182.18722129123896,19868.756715272448,1214.512471655329,97.78084553263238
Bihar,Madhepura,578.6848579736077,4471.0,228.07606569355391,109720.29567420666,2483.7843882800266,139.4022440984833
Bihar,Madhubani,265.7259539192978,16406.0,58.44188127965037,6191.371750168036,1312.7087650859442,156.69627077303912
Bihar,Monghyr,0.0,0.0,43.125,0.0,0.0,49.94327848429293
Bihar,Munger,383.4148853978882,3883.0,270.0159410351525,17929.26582088432,1325.1094514550605,160.8216741349871
Bihar,Muzaffarpur,263.02180076253785,20458.0,40.226020382424004,10056.05476464461,1012.0441880926776,160.61482958475116
Bihar,Nalanda,478.06557377049177,9150.0,84.22620308655443,35851.05950467137,1417.3989071038252,93.7628525140714
Bihar,Nawada,229.94252873563218,10440.0,66.27446860081483,9027.20901602426,854.5689655172414,156.0008190929858
Bihar,Pashchim Champaran,1.6118158975301833,16317.0,21.425531914893618,46.61286989048271,2.218545075687933,71.9295442284657
Bihar,Patna,408.9961127907694,16207.0,44.50054029601385,9015.56541871657,1376.3127043869933,162.22812750835672
Bihar,Purba Champaran,0.0,0.0,31.11111111111111,0.0,0.0,89.81954108766446
Bihar,Purbi Champaran,0.0,14871.0,0.0,0.0,0.0,0.0
Bihar,Purnea,0.0,0.0,21.848760153041294,0.0,0.0,67.79101401040387
Bihar,Purnia,294.8578252108366,13399.0,137.5996281521105,25398.32924879247,1601.6269870885885,137.7329454977808
Bihar,Rohtas,940.0757166035694,3698.0,111.61003474825506,70347.07059646561,3081.638723634397,152.23353075300597
Bihar,Saharsa,291.12323332506816,8066.0,140.68184153746378,15405.120701613085,1361.2571286883212,178.41207192252884
Bihar,Samastipur,532.7435492364402,9495.0,60.85824691548783,58245.503186404676,2094.9341758820433,171.9389976805746
Bihar,Samstipur,0.0,0.0,132.09325396825395,0.0,0.0,61.220277994085656
Bihar,Saran,309.2523897845627,14018.0,67.5782045065495,25557.862446568146,1049.6504494221715,168.49225974289837
Bihar,Sheikhpura,509.17686318131257,1798.0,382.63265177719876,120144.28491664673,2084.872080088988,184.55506124701137
Bihar,Sheikpura,0.0,0.0,42.121212121212125,0.0,0.0,33.071891388307385
Bihar,Sheohar,510.5488239486814,1403.0,179.87154445140072,132742.51788268954,2180.6129722024234,155.98655594988227
Bihar,Sitamarhi,137.7326565143824,34278.0,56.813909244077855,1691.9008567715011,522.0637143357255,215.13862307672844
Bihar,Siwan,397.6196087673816,8486.0,144.33070517941806,34131.03064951565,1424.829130332312,189.53565844302406
Bihar,Supaul,551.5378389316066,4942.0,230.93469606590972,30502.634829147795,2176.4670174018615,176.7325514652425
Bihar,Vaishali,352.9142041980844,9814.0,95.88276332186537,90707.72267102977,1610.5461585490116,170.6203239881236
Bihar,West Champaran,304.03833317440643,20974.0,152.49658699745999,10428.62306820716,865.0901115667017,174.38152623798854
Chandigarh,Chandigarh,2371.712158808933,1209.0,5.357570487136573,216149.45363484594,7569.0653432588915,313.49772354637275
Chandigarh,Rupnagar,0.0,0.0,0.0,0.0,0.0,0.0
Chhatisgarh,Raipur,0.0,0.0,0.0,0.0,0.0,0.0
Chhattisgarh,Balod,0.0,0.0,2809.4172677782294,0.0,0.0,265.5319023922535
Chhattisgarh,Baloda Bazar,1738.4976525821596,2343.0,135.55815427000653,151643.5513373598,5387.366623986342,269.7465666615828
Chhattisgarh,Balrampur,411.0680552191814,4129.0,60.75889878000446,24417.105959919154,1162.4848631629934,248.45709983800703
Chhattisgarh,Bastar,1051.2784090909092,2112.0,349.2024004976087,331156.1728395061,3848.0113636363635,246.01963745005375
Chhattisgarh,Bemetara,1684.5771144278608,1005.0,216.00486315367533,315565.4,8674.228855721392,260.0886331792778
Chhattisgarh,Bijapur,63.99740988560328,4633.0,210.91597418276845,251.16052157182926,461.1914526224909,193.13424968140686
Chhattisgarh,Bilaspur,814.4466800804828,4970.0,56.24018150009078,283982.2100836424,3150.3420523138834,260.9009209334028
Chhattisgarh,Dakshin Bastar Dantewada,0.0,0.0,83.07149564474678,0.0,0.0,122.9419822075204
Chhattisgarh,Dantewada,0.0,0.0,46.078456066854216,0.0,0.0,78.18084738578358
Chhattisgarh,Dhamtari,0.0,0.0,844.7328590833222,0.0,0.0,283.5826518401756
Chhattisgarh,Durg,1282.6420198376916,2218.0,896.0830102668559,62172.09376213507,5992.966636609558,295.94296845188614
Chhattisgarh,Gariyaband,0.0,0.0,120.28289558040778,0.0,0.0,150.74256847371976
Chhattisgarh,Gaurela-Pendra-Marwahi,0.0,0.0,10.50964187327824,0.0,0.0,259.40149079403056
Chhattisgarh,Janjgir - Champa,0.0,0.0,17.708333333333332,0.0,0.0,81.57185944900517
Chhattisgarh,Janjgir Champa,0.0,0.0,49.44444444444444,0.0,0.0,166.52702483380887
Chhattisgarh,Janjgir-Champa,1389.7607655502393,2090.0,81.74198927589184,2712207.9463858306,6762.44019138756,259.0075743918727
Chhattisgarh,Jashpur,0.0,0.0,93.03604296995637,0.0,0.0,251.74755790085607
Chhattisgarh,Kabeerdham,0.0,0.0,68.64916937696518,0.0,0.0,246.5366178838107
Chhattisgarh,Kanker,0.0,0.0,1968.6255288581428,0.0,0.0,256.4658056380427
Chhattisgarh,Kawardha,0.0,0.0,52.79464467545036,0.0,0.0,205.01549567387386
Chhattisgarh,Khairagarh Chhuikhadan Gandai,0.0,0.0,5.4228185031196325,0.0,0.0,250.10941809815637
Chhattisgarh,Kondagaon,503.61155698234353,1246.0,389.9451459374037,281197.7491961415,3280.8186195826643,97.27917250550173
Chhattisgarh,Korba,1522.0193953223045,1753.0,59.74472158455843,307004.0257879656,5555.847119224187,301.44692363981835
Chhattisgarh,Koriya,0.0,0.0,1331.744263099976,0.0,0.0,278.0356503464144
Chhattisgarh,Mahasamund,2995.0,1580.0,42.7260787960248,633827.3817091999,7215.000000000001,311.83982270979953
Chhattisgarh,Manendragarhchirmiribharatpur,0.0,0.0,0.0,0.0,0.0,0.0
Chhattisgarh,Manendragarh–Chirmiri–Bharatpur,0.0,0.0,190.1147186147186,0.0,0.0,99.17535295109984
Chhattisgarh,Mohalla-Manpur-Ambagarh Chowki,0.0,0.0,0.0,0.0,0.0,34.64101615137754
Chhattisgarh,Mohla-Manpur-Ambagarh Chouki,0.0,0.0,78.83550874850678,0.0,0.0,234.01231328130402
Chhattisgarh,Mungeli,2284.884645982498,1257.0,6.994152833309259,2732889.2515923567,5976.929196499602,284.02569164127885
Chhattisgarh,Narayanpur,0.0,0.0,6.453736672231704,0.0,0.0,247.33418830972388
Chhattisgarh,Raigarh,643.1127012522361,3354.0,4.294674793088664,67127.31046931408,3928.741800834824,226.9163658563388
Chhattisgarh,Raipur,1160.7689903094717,3199.0,88.2006752926463,72178.40614537206,4944.951547358549,294.39364113165954
Chhattisgarh,Rajnandgaon,3083.3543505674656,1586.0,1286.6570023275108,4591611.735015773,9300.189155107188,310.032743132629
Chhattisgarh,Sakti,0.0,0.0,124.09422403630028,0.0,0.0,71.48164900675917
Chhattisgarh,Sarangarh-Bilaigarh,0.0,0.0,208.52479338842974,0.0,0.0,79.41474247665894
Chhattisgarh,Sukma,262.4386825508059,1427.0,1534.4337508318129,3050.3779705141233,1499.7196916608268,123.1765644869505
Chhattisgarh,Surajpur,853.1752104055088,1307.0,1045.323243230114,515986.39846743294,4144.07039020658,141.7104729521995
Chhattisgarh,Surguja,2373.553240740741,1728.0,126.28482486797132,186.80555555555557,5120.023148148148,276.26960720874393
Chhattisgarh,Uttar Bastar Kanker,0.0,0.0,577.1806304422215,0.0,0.0,90.5394198172111
Dadra & Nagar Haveli,Dadra And Nagar Haveli,0.0,0.0,34.696969696969695,0.0,0.0,33.028912953790815
Dadra And Nagar Haveli,Dadra And Nagar Haveli,0.0,0.0,191.1897703871634,0.0,0.0,81.43145166962657
Dadra And Nagar Haveli And Daman And Diu,Dadra And Nagar Haveli,0.0,0.0,85.31223565706324,0.0,0.0,57.30311042276558
Dadra And Nagar Haveli And Daman And Diu,Daman,0.0,0.0,-4.5257874697127045,0.0,0.0,61.40916576650759
Dadra And Nagar Haveli And Daman And Diu,Diu,0.0,0.0,-12.5,0.0,0.0,253.4214936875483
Daman & Diu,Daman,0.0,0.0,68.43798862828713,0.0,0.0,73.59800721939872
Daman & Diu,Diu,0.0,0.0,22.410998408910103,0.0,0.0,67.05615391429617
Daman And Diu,Daman,0.0,0.0,70.71425474737606,0.0,0.0,203.53713387208944
Daman And Diu,Diu,0.0,0.0,70.81788626225976,0.0,0.0,89.65807891927082
Delhi,Delhi,733.1960757219842,36185.0,37.30919057259052,14068.00193232754,2132.922481691309,318.509087035387
Delhi,Najafgarh,0.0,0.0,42.36063113490711,0.0,0.0,69.2820323027551
Delhi,New Delhi,42.87581699346405,1530.0,436.4247164131442,256.86718011853293,269.21568627450984,199.6804420179062
Delhi,North East,0.0,0.0,70.05568118125291,0.0,0.0,102.48705620605405
Delhi,North East Delhi,734.7894975101856,8836.0,82.25504668011716,108105.52555607425,1965.3689452240833,327.9792918951585
Delhi,North West Delhi,1516.145029755345,9074.0,51.28455205870395,44724.19695943259,4340.886048049371,325.0197804576131
Delhi,Shahdara,798.9181879648411,1479.0,28.898795344641144,16861.44052113406,1245.5037187288708,316.61090888247656
Delhi,South East Delhi,0.0,0.0,37.0,0.0,0.0,79.35600855193299
Delhi,South West Delhi,1055.6429976748345,5591.0,85.2404257090921,21076.93694312742,3076.4442854587733,311.1068759298254
Goa,Bardez,0.0,0.0,-8.333333333333336,0.0,0.0,47.14045207910317
Goa,North Goa,0.0,0.0,1619.5909929486108,0.0,0.0,188.23607041730924
Goa,South Goa,0.0,0.0,75.22790965849146,0.0,0.0,122.6133377784076
Goa,Tiswadi,0.0,0.0,0.0,0.0,0.0,47.14045207910317
Gujarat,Ahmadabad,28.811074918566774,6140.0,486.796377169344,699.792372881356,188.19218241042347,55.391234832426626
Gujarat,Ahmedabad,811.8966210780369,9944.0,446.6029449040556,26502.322043193657,3965.7783588093325,273.80071203681507
Gujarat,Amreli,309.3300452116728,2433.0,549.3340548933257,4412.383188352293,2485.2034525277436,205.20869588513975
Gujarat,Anand,288.84785819793206,4062.0,488.3190401905057,3750.5449026936094,2504.603643525357,227.75299848379208
Gujarat,Arvalli,146.35416666666669,1536.0,116.94092333235062,2506.8150896722327,1633.9192708333333,216.79295120192296
Gujarat,Banas Kantha,0.9920930926450843,13406.0,31.091954022988507,14.699095458980418,2.5212591376995377,64.16215542370625
Gujarat,Banaskantha,209.59939531368104,11907.0,1620.1722338712475,1523.9008958638817,1146.040144452843,269.6903419995785
Gujarat,Bharuch,678.3059636992222,2314.0,353.67255583673165,22428.23868677906,3149.135695764909,267.55695081563215
Gujarat,Bhavnagar,224.46240658837883,6557.0,386.7702186358514,4040.086518202693,1931.965838035687,215.55194217139118
Gujarat,Botad,58.65343116098403,2317.0,699.6838732770401,1224.607782154952,613.5088476478205,135.14124020620565
Gujarat,Chhotaudepur,107.28682170542636,3225.0,529.44571089965,636.1138818039684,970.7286821705427,250.24937567759108
Gujarat,Dahod,139.4664086259331,7234.0,8495.239490368449,707.7138629901682,1409.0682886369918,229.3126620881816
Gujarat,Devbhumi Dwarka,120.45079714128642,1819.0,276.0897189893642,1134.312537855845,1176.5255634964267,228.2773326125867
Gujarat,Dohad,11.21935111037728,12113.0,52.09115114783769,187.66852184937414,109.74985552711962,174.48196114672328
Gujarat,Gandhinagar,474.2226097064806,3441.0,108.85421032574666,3392.5402535114763,2281.37169427492,269.4699157454357
Gujarat,Gir Somnath,74.84248424842484,4444.0,549.4403229666109,905.3223826577746,672.929792979298,227.83609409643157
Gujarat,Jamnagar,413.49507202426076,3957.0,519.037442080742,7839.832225941754,1998.1046247156935,265.51261609956174
Gujarat,Junagadh,283.9812814974802,2778.0,685.8079967747154,21290.137439973503,3057.631389488841,153.6332775883295
Gujarat,Kachchh,206.59574468085106,5640.0,575.0786518896145,3408.907304445512,1925.709219858156,186.243023831527
Gujarat,Kheda,424.3058823529411,4250.0,3316.7428960890957,4446.116464978872,2601.270588235294,251.0943511480443
Gujarat,Mahesana,321.6286307053942,3856.0,2627.6469609289084,5097.795290267796,2344.6576763485477,206.39329588944082
Gujarat,Mahisagar,115.27614571092832,1702.0,690.1152792779077,1617.1957735631077,1495.123384253819,174.80743495324154
Gujarat,Morbi,75.8280069726903,6884.0,124.38722315578028,766.9764210970886,448.3439860546194,272.95157115670816
Gujarat,Narmada,0.0,0.0,1360.7096759730243,0.0,0.0,263.06409554196244
Gujarat,Navsari,518.8846641318124,1578.0,81.5512602378114,7521.251324895567,2646.894803548796,226.70058328742005
Gujarat,Panch Mahals,5.514705882352941,1360.0,22.037037037037035,71.76190476190476,10.441176470588236,83.29931278350429
Gujarat,Panchmahals,195.5532304472927,3823.0,505.2291025807075,2266.4127694465087,2156.4216583834686,140.39974081976408
Gujarat,Patan,107.32152894884767,7116.0,181.2046755180448,1111.9445762130542,910.0758853288363,164.8131521492785
Gujarat,Porbandar,196.37837837837836,1850.0,269.40151432322193,2244.9587728998567,1583.4054054054054,127.80459555437072
Gujarat,Rajkot,399.02613212140886,12322.0,1363.5005693645855,5941.925552639083,1471.4169777633501,280.6557571560629
Gujarat,Sabar Kantha,5.666808691947167,2347.0,37.79761904761905,77.88732804001978,11.930123561994035,58.1047784689623
Gujarat,Sabarkantha,421.4493691362018,3091.0,5518.208604847036,4863.779718583212,2702.749919120026,214.300209547506
Gujarat,Surat,792.4985405720957,17130.0,35.60661863566055,24375.685831406667,2003.6193812025685,298.14259943290506
Gujarat,Surendra Nagar,269.3655303030303,4224.0,1345.1007124292385,4748.299811219615,2108.1439393939395,240.28591658363263
Gujarat,Surendranagar,14.452554744525548,1370.0,57.47943722943724,244.3299992061602,25.328467153284674,77.14720229053053
Gujarat,Tapi,192.3542770628312,1321.0,2395.439017535244,7840.018518518518,2458.1377744133233,147.3465694136152
Gujarat,The Dangs,0.0,0.0,654.409857396225,0.0,0.0,209.81578630532215
Gujarat,Vadodara,385.27970011534023,6936.0,254.67663844617016,6017.157865049708,2573.327566320646,201.31737517869635
Gujarat,Valsad,382.14285714285717,4452.0,380.85869650510654,8112.589523403601,1829.245283018868,272.34283086542723
Haryana,Ambala,765.3046062407133,1346.0,3216.1464136496857,64072.55469755469,4762.778603268945,257.871719182543
Haryana,Bhiwani,832.7659574468084,1410.0,570.3644176831172,257121.65718349928,5769.078014184397,262.9177262473801
Haryana,Charkhi Dadri,0.0,0.0,12.050097637302065,0.0,0.0,275.3162618772287
Haryana,Faridabad,419.0527271226999,12119.0,62.268566991078615,18304.7081008231,1091.2699067579833,293.8350656581137
Haryana,Fatehabad,0.0,0.0,4.4453607770139785,0.0,0.0,292.2215869758309
Haryana,Gurugram,597.2769953051643,6390.0,13.28152937131037,10629.573192239859,1353.8028169014085,294.26772516507856
Haryana,Hisar,581.8364073777066,2494.0,117.41100258615846,107259.24657534246,3824.2983159583,274.4490340260177
Haryana,Jhajjar,1036.7207514944491,1171.0,442.45852872617,529317.3224978615,4448.420153714774,293.3184461211092
Haryana,Jind,843.7214611872147,1752.0,1233.381709332182,96.80365296803653,4481.278538812786,305.92520243403345
Haryana,Kaithal,385.29411764705884,1530.0,1368.173972057598,51289.93421052631,4307.254901960784,212.60118077613095
Haryana,Karnal,939.1774891774892,1848.0,200.9762357291902,1501273.1997834325,4545.941558441559,295.0742103060405
Haryana,Kurukshetra,841.1708253358926,1042.0,1.439824459949584,69354.61599506217,5704.126679462572,281.54523326155675
Haryana,Mahendragarh,812.3467600700526,1142.0,102.3248984526317,827312.0946538125,3626.8826619964975,275.3729655157749
Haryana,Mewat,642.3603504928806,3652.0,1929.5988659917355,150405.65067148354,1798.3844468784228,282.13801401624005
Haryana,Nuh,0.0,1506.0,0.0,0.0,0.0,0.0
Haryana,Palwal,920.5786026200874,1832.0,4733.210436896324,506642.40933114634,3000.7096069869,259.71487025168244
Haryana,Panchkula,0.0,0.0,196.4548198478271,0.0,0.0,293.4110452761038
Haryana,Panipat,366.57472417251756,3988.0,455.2420143806259,38256.047963835576,1776.5546639919758,284.91477773011235
Haryana,Rewari,0.0,0.0,336.5846289999132,0.0,0.0,276.14314114058146
Haryana,Rohtak,558.7337478801583,1769.0,216.02394533544756,15253.176762768599,3715.884680610515,311.9950674491748
Haryana,Sirsa,1202.8928850664581,1279.0,141.51207097771515,115.48084440969508,6431.743549648162,270.6861382653999
Haryana,Sonipat,738.3586906408484,2169.0,312.12832431672535,44962.32083044147,3564.7763946519135,265.1156960422222
Haryana,Yamuna Nagar,1299.4791666666665,1344.0,4723.918295593977,764538.2265275707,5861.383928571428,298.0930565022642
Haryana,Yamunanagar,0.0,0.0,29.95684695051784,0.0,0.0,82.55712357158131
Himachal Pradesh,Bilaspur,0.0,0.0,204.48036239217956,0.0,0.0,186.72431334895714
Himachal Pradesh,Chamba,0.0,0.0,402.5967633643473,0.0,0.0,152.877661996416
Himachal Pradesh,Hamirpur,0.0,0.0,-4.562318138497649,0.0,0.0,150.3811354714837
Himachal Pradesh,Kangra,464.26953567383913,1766.0,453.49216835608604,82165.57895402517,3628.2559456398644,131.48087661052386
Himachal Pradesh,Kinnaur,0.0,0.0,7.155403960360664,0.0,0.0,75.48309221174534
Himachal Pradesh,Kullu,0.0,0.0,40.872715844256035,0.0,0.0,106.29768993447497
Himachal Pradesh,Lahaul And Spiti,0.0,0.0,-25.0,0.0,0.0,40.0
Himachal Pradesh,Lahul & Spiti,0.0,0.0,100.94551282051282,0.0,0.0,42.96689244236598
Himachal Pradesh,Lahul And Spiti,0.0,0.0,46.488330510069645,0.0,0.0,59.27940855466775
Himachal Pradesh,Mandi,433.3012512030799,1039.0,116.68701495988051,64774.088415617945,4397.593840230991,154.83084297624666
Himachal Pradesh,Shimla,0.0,0.0,70.55623475331134,0.0,0.0,148.69303036662745
Himachal Pradesh,Sirmaur,0.0,0.0,236.49180053347956,0.0,0.0,269.16174505006643
Himachal Pradesh,Solan,0.0,0.0,609.9576049681937,0.0,0.0,104.33416766893325
Himachal Pradesh,Una,0.0,0.0,1141.1921390286325,0.0,0.0,130.71356732241028
Jammu & Kashmir,Anantnag,0.0,0.0,0.0,0.0,0.0,0.0
Jammu & Kashmir,Badgam,0.0,0.0,0.0,0.0,0.0,0.0
Jammu & Kashmir,Baramula,0.0,0.0,11.904761904761903,0.0,0.0,85.26668847366659
Jammu & Kashmir,Jammu,0.0,0.0,49.81481481481481,0.0,0.0,82.10178121903839
Jammu & Kashmir,Kargil,0.0,0.0,0.0,0.0,0.0,0.0
Jammu & Kashmir,Kathua,0.0,0.0,100.0,0.0,0.0,0.0
Jammu & Kashmir,Leh (Ladakh),0.0,0.0,0.0,0.0,0.0,141.4213562373095
Jammu & Kashmir,Rajauri,0.0,0.0,0.0,0.0,0.0,0.0
Jammu & Kashmir,Srinagar,0.0,0.0,0.0,0.0,0.0,0.0
Jammu & Kashmir,Udhampur,0.0,0.0,0.0,0.0,0.0,0.0
Jammu And Kashmir,Anantnag,925.8815232722144,1418.0,54.16871079315289,564970.9745762711,2912.482369534556,284.5626324816027
Jammu And Kashmir,Badgam,0.0,0.0,673.4256133595203,0.0,0.0,264.1307052264846
Jammu And Kashmir,Bandipore,0.0,0.0,-21.239018971944837,0.0,0.0,277.0002186182588
Jammu And Kashmir,Baramula,733.3110814419226,1498.0,-17.485329123644032,47191.752368064954,3473.965287049399,248.8355972235663
Jammu And Kashmir,Budgam,0.0,0.0,-4.139897794981523,0.0,0.0,309.54983288741334
Jammu And Kashmir,Doda,136.8972746331237,1908.0,48.08094743152821,13750.321958503127,1273.846960167715,213.2298428629488
Jammu And Kashmir,Ganderbal,0.0,0.0,328.2122339516064,0.0,0.0,288.04015745532007
Jammu And Kashmir,Jammu,504.87471526195907,2195.0,92.63225800283543,51347.988505747126,3345.1936218678816,230.03962080352062
Jammu And Kashmir,Kargil,0.0,0.0,27.468624405158174,0.0,0.0,132.90781265398684
Jammu And Kashmir,Kathua,0.0,0.0,117.92139525336103,0.0,0.0,250.21437216217026
Jammu And Kashmir,Kishtwar,0.0,0.0,152.58839278551864,0.0,0.0,303.79464322845615
Jammu And Kashmir,Kulgam,0.0,0.0,40.99017223466124,0.0,0.0,255.03370301365146
Jammu And Kashmir,Kupwara,1006.1240310077519,1290.0,99.77091102512973,215770.1945525292,3697.674418604651,298.54849876534036
Jammu And Kashmir,Leh,0.0,0.0,111.2774806892454,0.0,0.0,78.47165093204042
Jammu And Kashmir,Pulwama,0.0,0.0,65.1421173690965,0.0,0.0,304.270223622824
Jammu And Kashmir,Punch,472.39685658153246,1018.0,117.97553148615299,35934.070596731966,3169.253438113949,297.08070071058523
Jammu And Kashmir,Rajouri,0.0,0.0,444.97309030191695,0.0,0.0,216.42677023649358
Jammu And Kashmir,Ramban,0.0,0.0,372.5341579491341,0.0,0.0,276.1642787718684
Jammu And Kashmir,Reasi,0.0,0.0,254.63213528815731,0.0,0.0,258.6422117974751
Jammu And Kashmir,Samba,0.0,0.0,155.7454418647515,0.0,0.0,265.56078032519343
Jammu And Kashmir,Shupiyan,0.0,0.0,107.22249420517981,0.0,0.0,212.2807200028822
Jammu And Kashmir,Srinagar,610.4996837444655,1581.0,9.063057080879844,97310.11450381679,3095.8886780518656,243.1962472067764
Jammu And Kashmir,Udhampur,0.0,0.0,44.34067396452592,0.0,0.0,265.2421607839588
Jharkhand,Bokaro,882.5830258302583,2710.0,443.0447624410603,252255.1647537949,3884.6863468634688,260.5656949037319
Jharkhand,Chatra,356.99911216336193,3379.0,262.1785336116546,42411.64858106402,1853.2406037289138,214.52303441249722
Jharkhand,Deoghar,357.55214878110075,3979.0,236.67333226424333,13712.877178298568,1608.268409148027,176.87767198646839
Jharkhand,Dhanbad,603.2820034219941,6429.0,15.395693839235935,70825.34740232324,2431.482345621403,279.4909090808424
Jharkhand,Dumka,571.2439418416801,3095.0,103.44229636452275,24329.47346431139,2478.9337641357024,223.67278700577566
Jharkhand,East Singhbhum,439.16820215846275,3799.0,41.23343048405002,36257.26589394952,3198.7365096077915,209.4160287204164
Jharkhand,East Singhbum,0.0,1447.0,0.0,0.0,0.0,0.0
Jharkhand,Garhwa,499.5317002881844,2776.0,208.8613045711005,183377.16039828715,3201.2247838616718,220.39481179176036
Jharkhand,Garhwa *,0.0,0.0,38.53398656740014,0.0,0.0,78.04490780971469
Jharkhand,Giridih,666.3596966413868,7384.0,82.30970132884667,80884.3340779956,1800.013542795233,290.27637651787273
Jharkhand,Godda,475.00982318271116,2545.0,264.2975075188849,94076.90814580867,2832.3379174852653,155.81486761675598
Jharkhand,Gumla,316.79920477137176,4024.0,412.87196356100134,19492.17288933737,1914.6371769383697,145.46170432824533
Jharkhand,Hazaribag,0.0,0.0,133.42738632513593,0.0,0.0,241.64668010402025
Jharkhand,Hazaribagh,690.6851910325229,3167.0,113.24991570031784,144691.79466267952,2460.814651089359,269.82365299814495
Jharkhand,Jamtara,260.7722685388328,2279.0,90.85491042809328,140310.4945054945,1580.6055287406757,115.83130849265935
Jharkhand,Khunti,355.14250309789344,1614.0,49.81887527278209,15287.806025513437,2327.695167286245,185.48362596157784
Jharkhand,Kodarma,0.0,0.0,90.37173523310157,0.0,0.0,231.58850894882832
Jharkhand,Koderma,624.7094801223241,1635.0,93.55033647641618,194008.5889570552,2436.146788990826,277.0525169505156
Jharkhand,Latehar,718.4640522875817,1224.0,508.2271223537631,812645.4619787408,3398.12091503268,172.97028331157608
Jharkhand,Lohardaga,475.90132827324476,1581.0,280.82994853400334,15828.242739693616,2450.347881087919,282.44821601716257
Jharkhand,Pakaur,0.0,0.0,258.83720254819303,0.0,0.0,52.04196670217448
Jharkhand,Pakur,215.11147811725846,6055.0,538.002421366686,27869.224603378654,741.4037985136251,244.62083619004412
Jharkhand,Palamau,0.0,0.0,61.62797753706844,0.0,0.0,146.0738321102907
Jharkhand,Palamu,792.0775623268698,3610.0,248.53271483899707,119371.75940002027,3123.7673130193903,235.87436465712145
Jharkhand,Pashchimi Singhbhum,0.0,0.0,1131.7578526723214,0.0,0.0,98.23379193767438
Jharkhand,Purbi Singhbhum,0.0,0.0,21.77152830300147,0.0,0.0,52.150747647587146
Jharkhand,Ramgarh,485.44827586206895,1450.0,116.71865183618878,130283.80622837371,2385.793103448276,182.13811516063484
Jharkhand,Ranchi,285.97630875047764,7851.0,17.888806822489897,7718.776919226213,2082.5499936313845,193.51443362139688
Jharkhand,Sahebganj,1124.1653418124006,2516.0,290.56116487526236,295031.19266055047,3048.3704292527823,262.9900537302497
Jharkhand,Sahibganj,0.0,0.0,135.06533975569144,0.0,0.0,64.54441328535941
Jharkhand,Seraikela-Kharsawan,531.3195548489666,1887.0,136.89524160491317,42555.734828174514,3614.8383677795446,201.0383912048641
Jharkhand,Simdega,610.2225886232482,1213.0,356.15626913221024,38.99422918384172,4752.431986809563,190.10372253037184
Jharkhand,West Singhbhum,402.05518018018023,3552.0,332.52689222148945,37188.74668183542,3298.141891891892,184.87451219422243
Karnataka,Bagalkot,586.8445839874412,3185.0,107.75020002539246,36523.079365079364,2334.0345368916796,271.5624857254875
Karnataka,Bagalkot *,0.0,0.0,79.95492994917656,0.0,0.0,66.48122356289596
Karnataka,Ballari,726.2406015037594,1330.0,412.4770621256292,27458.986175115206,2756.9172932330825,304.86994859989903
Karnataka,Bangalore,438.1902860944777,3006.0,-4.344825089537988,608716.8109187749,5328.842315369261,133.58239465527691
Karnataka,Belagavi,437.5923392612859,3655.0,18.758058901432733,24312.842541342663,1926.5389876880984,248.89356092220808
Karnataka,Belgaum,537.2294372294373,3234.0,40.846982304574375,693191.4603960396,2962.337662337662,190.64980638667373
Karnataka,Bellary,325.45454545454544,2145.0,823.2112356948854,42.75058275058275,2574.032634032634,164.27663416330827
Karnataka,Bengaluru,441.40514766700727,20553.0,-7.76638568027496,2808.5820456904935,1496.4141487860652,275.4330703035871
Karnataka,Bengaluru Rural,379.8128004047559,3953.0,41.28329122740255,1849.5231575883713,1036.731596256008,287.03175924560986
Karnataka,Bengaluru South,0.0,0.0,0.0,0.0,0.0,55.38751173865176
Karnataka,Bengaluru Urban,0.0,23074.0,0.0,0.0,0.0,0.0
Karnataka,Bidar,567.2186836518047,2355.0,59.208028101789914,51555.31114834586,2813.8853503184714,239.36682779115537
Karnataka,Bijapur,411.46809460062474,2241.0,119.75192513983544,247586.6398570152,2173.7617135207497,195.85243613083819
Karnataka,Chamarajanagar,0.0,0.0,167.4467162011729,0.0,0.0,72.87951200856759
Karnataka,Chamarajanagar *,0.0,0.0,0.0,0.0,0.0,39.123039821797576
Karnataka,Chamrajanagar,0.0,0.0,338.2467817281577,0.0,0.0,235.78029761215475
Karnataka,Chamrajnagar,0.0,0.0,230.47516386750777,0.0,0.0,72.31992542930465
Karnataka,Chickmagalur,0.0,0.0,238.9909908497686,0.0,0.0,141.86680816088787
Karnataka,Chikkaballapur,866.9784172661871,1390.0,26.31638059949232,212858.70036101082,2994.6043165467627,264.07814318551914
Karnataka,Chikkamagaluru,0.0,0.0,156.7551323231007,0.0,0.0,270.2594923579678
Karnataka,Chikmagalur,0.0,0.0,163.39445681128765,0.0,0.0,89.98388646722366
Karnataka,Chitradurga,897.6176641487507,1721.0,319.2778348550782,96199.23006109298,3382.684485764091,268.9616559044467
Karnataka,Dakshina Kannada,617.3034533431301,2722.0,18.94579193703176,30648.058063233246,2640.7421013960325,213.37316308024432
Karnataka,Davanagere,0.0,0.0,17.48476743980035,0.0,0.0,45.198155909346404
Karnataka,Davangere,538.422649140546,1978.0,25.01077060575061,58673.18729835286,3976.794742163802,243.52562166099307
Karnataka,Dharwad,682.1494464944649,2168.0,12.634118909779653,383715.48883756733,3710.8856088560883,261.9593377818354
Karnataka,Gadag,288.94148020654046,2324.0,747.9378250259138,24844.869791666668,1574.9139414802066,228.1741475705906
Karnataka,Gadag *,0.0,0.0,137.51201786323813,0.0,0.0,179.29219617701523
Karnataka,Gulbarga,377.7597402597403,1848.0,51.04908013448285,43.12770562770562,2733.712121212121,135.08195561777333
Karnataka,Hasan,0.0,0.0,751.578607080616,0.0,0.0,45.50922952753237
Karnataka,Hassan,1116.388616290481,1019.0,85.31042344811091,969935.4616895874,4410.99116781158,267.41234829268643
Karnataka,Haveri,1093.4626038781164,1805.0,118.49203140046428,49470.37342230083,4006.537396121884,281.6455675924765
Karnataka,Haveri *,0.0,0.0,124.10975416021286,0.0,0.0,168.55421527720284
Karnataka,Kalaburagi,645.2542372881356,2360.0,41.67684047364769,41164.02313643693,2724.491525423729,293.88862493055166
Karnataka,Kodagu,0.0,0.0,200.25058344127072,0.0,0.0,190.51655191163158
Karnataka,Kolar,848.6568986568986,1638.0,170.2401811974045,100907.25707257072,3636.874236874237,260.04173827882994
Karnataka,Koppal,751.7022242396732,2203.0,207.62971970041008,82478.57510288066,2730.367680435769,271.7145197955507
Karnataka,Mandya,914.4313725490197,1275.0,60.43767098615987,1042903.5321821036,4540.862745098039,237.28823367392118
Karnataka,Mysore,483.4847233691164,1211.0,42.015234591942445,542764.7107438017,3564.327002477292,143.7633775689139
Karnataka,Mysuru,436.7088607594937,2528.0,14.576058119058272,5417.762613077531,1974.0901898734176,268.2803696350746
Karnataka,Raichur,311.6133518776078,4314.0,25.356382280322247,20184.327819902035,2019.9350950394066,234.43663945780284
Karnataka,Ramanagar,734.9967170059094,1523.0,39.90025166093035,250247.25148123765,2641.7596848325675,273.1477620877782
Karnataka,Shimoga,0.0,0.0,56.43112075115135,0.0,0.0,85.31928896945828
Karnataka,Shivamogga,0.0,0.0,43.1592442348695,0.0,0.0,252.5536357160266
Karnataka,Tumakuru,748.4920634920635,1260.0,47.41475008010422,31602.542510121457,3223.968253968254,269.05501022310654
Karnataka,Tumkur,545.6575682382133,1209.0,100.51749840643414,54.59057071960298,4212.98593879239,169.64656785837965
Karnataka,Udupi,374.46061214249875,1993.0,337.87706726578676,35400.82137834036,1570.9984947315604,201.08216963476764
Karnataka,Udupi *,0.0,0.0,0.0,0.0,0.0,0.0
Karnataka,Uttara Kannada,737.4812593703149,1334.0,127.86097025782648,93403.79035639412,2964.0929535232385,220.805835527531
Karnataka,Vijayanagara,435.4554358472086,1021.0,10.506713753668198,15003.927710843374,2146.033300685602,221.29882612962862
Karnataka,Vijayapura,285.4954367666232,3068.0,172.45524172254838,12189.154406891981,1528.3898305084745,200.16131575386646
Karnataka,Yadgir,335.06605399195865,3482.0,137.29557147097407,26942.722123652246,1665.1636990235495,261.6006703217621
Kerala,Alappuzha,591.3827655310621,1497.0,648.8492779680136,58635.5505249976,4855.978623914496,83.87241305929406
Kerala,Ernakulam,583.9223839223839,2886.0,457.6268398668281,18891.989172773487,4359.390159390159,126.78063004825948
Kerala,Idukki,0.0,0.0,389.4548617585505,0.0,0.0,70.14582845190705
Kerala,Kannur,587.9382303839733,2396.0,2892.1670120523495,17699.258162862145,4203.338898163606,110.94964707893295
Kerala,Kasaragod,434.2163355408388,1359.0,3631.8381755080813,33529.28611317945,4377.115526122148,91.51328178875569
Kerala,Kasargod,0.0,0.0,81.96328764146196,0.0,0.0,55.07637180930338
Kerala,Kollam,577.5175644028103,2135.0,2890.954673383953,14818.396768998748,4993.864168618267,106.54027203993364
Kerala,Kottayam,522.4285714285714,1400.0,525.6507934938605,56091.690682036504,4530.642857142857,70.63336930875896
Kerala,Kozhikode,842.5317401045555,2678.0,1555.711438147336,39349.98917724684,4698.8797610156835,144.78346703953744
Kerala,Malappuram,633.3392163783975,5666.0,139.37972739036286,35880.32063192543,3463.1309565831275,131.70977782607628
Kerala,Palakkad,483.0441640378549,2536.0,1238.1552327189672,24440.71590710669,5197.397476340694,112.5695049724071
Kerala,Pathanamthitta,0.0,0.0,1063.5464782912238,0.0,0.0,47.31400342077078
Kerala,Thiruvananthapuram,615.3900210822206,2846.0,302.0595950631465,13283.884201516265,4528.285312719607,142.16428714669084
Kerala,Thrissur,527.5874125874126,2860.0,1813.5544166137224,19260.414909680385,4337.762237762238,89.74644583916293
Kerala,Wayanad,0.0,0.0,918.7474841924114,0.0,0.0,187.90253727277633
Ladakh,Kargil,0.0,0.0,83.06796240120055,0.0,0.0,190.7117525701706
Ladakh,Leh,0.0,0.0,173.14206938676168,0.0,0.0,250.29352484199717
Lakshadweep,Lakshadweep,0.0,0.0,23.87446399884281,0.0,0.0,70.75480597366504
Madhya Pradesh,Agar Malwa,0.0,0.0,729.3371047141958,0.0,0.0,276.5877158888501
Madhya Pradesh,Alirajpur,186.6239221755472,4523.0,111.62006028516267,3316.235665667516,1296.0866681406146,256.86625116000425
Madhya Pradesh,Anuppur,0.0,0.0,130.3115332727535,0.0,0.0,285.321870141569
Madhya Pradesh,Ashok Nagar,490.88310038119437,3148.0,179.12242119949033,16416.71436679588,2487.642947903431,292.1243274537828
Madhya Pradesh,Ashoknagar,0.0,3011.0,0.0,0.0,0.0,0.0
Madhya Pradesh,Balaghat,902.3970290344362,2962.0,1473.2563365665783,200259.4898493577,3951.384199864956,299.62002176374625
Madhya Pradesh,Barwani,152.13968396783443,17783.0,3426.949985921045,4305.228863670415,822.4540291289435,298.314190561466
Madhya Pradesh,Betul,355.05226480836234,4018.0,6009.431535048679,15163.403185132394,3284.1712294673966,236.0560643795063
Madhya Pradesh,Bhind,132.4547443803461,10054.0,354.8149351984477,2091.746016201587,746.5784762283669,207.753139035238
Madhya Pradesh,Bhopal,493.6120450226575,6841.0,193.26383320812968,33810.63315294213,2484.534424791697,280.0345608288007
Madhya Pradesh,Burhanpur,60.4469132685267,7921.0,9.797825353094963,1070.2517757787373,781.1639944451458,229.0253748325783
Madhya Pradesh,Chhatarpur,277.9944547134935,10820.0,1948.701700840744,9573.843568728045,1453.5489833641404,277.9874652989486
Madhya Pradesh,Chhindwara,892.3280423280424,3780.0,1564.910603744808,180450.41168658697,3615.661375661376,298.8517503441876
Madhya Pradesh,Damoh,650.6637168141592,2712.0,7338.009465827956,171016.87014428413,4816.334808259587,297.83775171671596
Madhya Pradesh,Datia,160.6146038906118,3547.0,539.5405688618944,13058.229215101017,1214.1528051874823,99.33024550229143
Madhya Pradesh,Dewas,249.4693396226415,5088.0,4132.394561221607,21368.92374900715,1998.0542452830189,291.1704399731079
Madhya Pradesh,Dhar,490.5612603741736,7109.0,2336.906548261269,9129.802682695363,2169.967646645098,288.5856245598054
Madhya Pradesh,Dindori,1009.2224231464737,1106.0,3192.8481141478796,166.81735985533456,5536.0759493670885,294.0871938634959
Madhya Pradesh,East Nimar,149.301877708233,2077.0,1139.8827066225747,17019.304949053858,1625.3249879634086,220.61383135942913
Madhya Pradesh,Guna,185.95317725752508,5980.0,586.7127813866927,21214.82799057561,2065.0,232.5928757935797
Madhya Pradesh,Gwalior,158.68776534156697,12955.0,2977.6886161065095,3524.1263749498194,908.0432265534542,248.0721635263682
Madhya Pradesh,Harda,271.36015325670496,1044.0,72.44877523082211,79289.81748318925,3197.1264367816093,242.18240954669935
Madhya Pradesh,Harda *,0.0,0.0,181.1595452874163,0.0,0.0,181.43032522309696
Madhya Pradesh,Hoshangabad,126.78899082568806,3270.0,1549.4465818365309,28444.26028238183,2502.9051987767584,222.4394140643535
Madhya Pradesh,Indore,445.0926612305412,13490.0,126.05727315255511,13155.92982271181,1592.3276501111936,289.3001665202719
Madhya Pradesh,Jabalpur,452.9330810252882,5813.0,1374.6649044440537,87494.19736016695,2350.301049372097,276.40343233810523
Madhya Pradesh,Jhabua,98.63028830222026,9053.0,4666.45332203329,3435.792013472811,888.2359438860046,126.33296429749387
Madhya Pradesh,Katni,376.3758146270818,5524.0,160.50711858525258,28496.68973907703,1566.1477190441708,266.16086188306144
Madhya Pradesh,Khandwa,180.56562726613487,2758.0,2961.894728484221,9484.824546442005,1853.4807831762148,271.31878335057877
Madhya Pradesh,Khargone,144.9361781421783,10733.0,5933.538684616774,3110.4443354281766,1439.6347712661884,266.278082757716
Madhya Pradesh,Maihar,0.0,0.0,12.941976652959752,0.0,0.0,180.43357672406876
Madhya Pradesh,Mandla,1224.6376811594203,1932.0,2984.803437078335,950859.689119171,3806.0041407867493,303.296307667118
Madhya Pradesh,Mandsaur,737.6012340917856,2593.0,1056.0617881653504,381976.64156044804,3638.6424990358655,290.93657560774665
Madhya Pradesh,Mauganj,0.0,0.0,170.51557120233008,0.0,0.0,198.00073314240288
Madhya Pradesh,Morena,225.59070367979342,15490.0,8853.621361578924,5907.020326598367,981.8528082633957,277.0420295839398
Madhya Pradesh,Narmadapuram,0.0,0.0,199.14017086128612,0.0,0.0,205.4991052254155
Madhya Pradesh,Narsimhapur,0.0,0.0,97.73719728325491,0.0,0.0,121.6305861376775
Madhya Pradesh,Narsinghpur,247.66061452513966,2864.0,860.7292513976826,10145.735738688034,1840.6075418994412,232.50212619214204
Madhya Pradesh,Neemuch,652.5194805194805,1925.0,2028.9982538530116,543712.3764950598,3011.6363636363635,280.66237730673225
Madhya Pradesh,Niwari,0.0,0.0,96.10992839479769,0.0,0.0,198.234282297933
Madhya Pradesh,Pandhurna,0.0,0.0,21.00440917107584,0.0,0.0,66.35288036915387
Madhya Pradesh,Panna,203.0568499534017,5365.0,1959.587411441704,12786.356647763074,1713.2152842497671,245.03789629074905
Madhya Pradesh,Raisen,324.802447106806,3923.0,385.53343680697674,28671.34254555307,2677.8230945704818,251.33525651589997
Madhya Pradesh,Rajgarh,408.709562744401,2813.0,9167.413279078273,83992.46317565376,5244.009953785993,265.7018815916698
Madhya Pradesh,Ratlam,765.9167950693375,3245.0,5974.884709888331,299737.80993558635,3566.070878274268,305.78716330037656
Madhya Pradesh,Rewa,423.37202439504233,5083.0,178.19781603306893,631182.4868766404,3492.563446783396,181.20434870980407
Madhya Pradesh,Sagar,437.6968955497783,6539.0,190.21700107358683,25708.087395696093,2784.4624560330326,278.7024460087547
Madhya Pradesh,Satna,481.3779745434422,7228.0,884.9008579214877,70983.46917948921,2241.31156613171,275.8177212849499
Madhya Pradesh,Sehore,262.80323450134773,3339.0,1451.326435256844,21135.889830508477,3054.23779574723,253.5625025159555
Madhya Pradesh,Seoni,803.8216560509554,2826.0,2377.8033528314445,496949.5747696669,3200.2476999292285,282.9522458613315
Madhya Pradesh,Shahdol,827.6741010468821,2197.0,4995.373227050677,133132.82990083905,4136.9139736003635,285.35569295149526
Madhya Pradesh,Shajapur,387.90862544308783,2539.0,6751.6359592350955,95037.8612209047,4508.310358408822,259.1813203407545
Madhya Pradesh,Sheopur,293.7179487179487,4680.0,193.23905333704323,10296.486723725999,1278.0982905982905,276.929299848442
Madhya Pradesh,Shivpuri,202.6888444222111,7996.0,595.4520209143532,3265.888517252996,1945.1600800400201,233.78082064639764
Madhya Pradesh,Sidhi,597.6092896174864,2928.0,1042.7021249100123,170760.60294621444,4100.512295081968,235.76374350611803
Madhya Pradesh,Singrauli,605.8997050147493,3051.0,5396.6885271454,220815.00844753147,3585.447394296952,251.45370066699306
Madhya Pradesh,Tikamgarh,463.8898108197809,3013.0,1246.575952165015,165749.7623800019,4929.405907733156,225.60865551412726
Madhya Pradesh,Ujjain,413.99323482285916,5617.0,51.23405599262139,100448.66624977667,2247.641089549582,263.1575081887409
Madhya Pradesh,Umaria,530.4908485856905,2404.0,160.70396727735528,224576.59858274282,1697.5457570715473,285.4985186864915
Madhya Pradesh,Vidisha,240.92705167173253,6580.0,5348.814021284609,8653.912600809152,1678.5106382978724,283.25039621230957
Madhya Pradesh,West Nimar,0.0,0.0,132.00375882822905,0.0,0.0,54.25412358331197
Maharashtra,Ahilyanagar,0.0,0.0,0.0,0.0,0.0,94.19160059334419
Maharashtra,Ahmednagar,1103.328869332313,5227.0,220.55640883159447,60808.062673308006,5501.320068873159,153.63343679300746
Maharashtra,Akola,489.0791476407915,2628.0,1975.9795321533163,26270.75910147173,5191.286149162862,161.65544301088698
Maharashtra,Amravati,600.2710694923608,4058.0,361.97151232493985,47465.33873649211,6167.200591424347,162.259106418962
Maharashtra,Aurangabad,350.5480052608505,11405.0,100.7182809974126,28860.382963335724,2156.405085488821,170.43872558210708
Maharashtra,Beed,588.0506607929515,7264.0,710.5059902787436,21730.997211810565,3056.442731277533,212.99443624765738
Maharashtra,Bhandara,0.0,0.0,5830.015474087191,0.0,0.0,125.3597979276177
Maharashtra,Bid,0.0,0.0,556.6429711510032,0.0,0.0,77.81771838898078
Maharashtra,Buldana,0.0,0.0,28.845835756176434,0.0,0.0,61.5038529697777
Maharashtra,Buldhana,558.517417162277,4708.0,304.65480357551024,21581.85675237294,3460.7264231096005,144.80087820312178
Maharashtra,Chandrapur,1184.5916795069338,2596.0,1784.09831761393,50200.3941663382,6228.428351309707,193.78043141742867
Maharashtra,Chhatrapati Sambhajinagar,0.0,0.0,161.13531318621637,0.0,0.0,227.96113031273867
Maharashtra,Dharashiv,0.0,0.0,38.448640139816604,0.0,0.0,59.542134718680536
Maharashtra,Dhule,175.32550693703308,9370.0,782.1408533047451,3510.643793939628,1622.9242262540022,170.3016553843237
Maharashtra,Gadchiroli,1174.0458015267177,1179.0,163.79989843115087,187826.84056557776,7672.688719253605,175.5843568425828
Maharashtra,Gondia,0.0,0.0,86.78571428571429,0.0,0.0,60.8154714429998
Maharashtra,Gondiya,975.4770318021201,1415.0,9.880596560830039,646988.9950460014,5127.491166077739,152.87771004337253
Maharashtra,Gondiya *,0.0,0.0,197.89193459153933,0.0,0.0,72.7252321029226
Maharashtra,Hingoli,202.49962126950462,6601.0,278.6757566072215,3618.184583939382,1347.7957885168914,72.52096044616312
Maharashtra,Hingoli *,0.0,0.0,0.0,0.0,0.0,0.0
Maharashtra,Jalgaon,450.0770233439981,8439.0,638.9555608528599,25796.40201092138,3761.6779239246357,154.3134321010968
Maharashtra,Jalna,702.4079807361541,2907.0,339.3000686826524,319807.66976904514,5068.799449604403,166.66055294807907
Maharashtra,Kolhapur,906.7908309455587,3490.0,98.3009577592423,115561.82048321194,6350.315186246418,136.66166389926562
Maharashtra,Latur,624.9377076411961,4816.0,258.7900014793947,27203.86737625702,4365.697674418605,205.37333322156618
Maharashtra,Mumbai,498.01164681811025,19061.0,28.242271158865584,13869.067667606856,2424.573736949793,235.59419642485807
Maharashtra,Mumbai City,1224.978317432784,1153.0,70.36936600674882,55384.170834936514,3797.5715524718125,229.5415975601585
Maharashtra,Nagpur,610.4232565145353,6639.0,169.6479307030072,26218.030097640516,4183.581864738665,212.0853580913812
Maharashtra,Nanded,580.6880566060754,8197.0,334.93239589961127,22459.641033943917,3354.1173600097595,140.43685852917207
Maharashtra,Nandurbar,135.78174186778594,7624.0,3061.707702508093,5481.269459230117,1978.1217208814273,229.043376557749
Maharashtra,Nandurbar *,0.0,0.0,32.23159198159198,0.0,0.0,81.83690433761913
Maharashtra,Nashik,467.71521976026156,13765.0,285.2050028049022,28563.770353585922,3175.328732292045,189.71649248716415
Maharashtra,Osmanabad,1489.2201834862385,2180.0,533.8926487329612,315236.8202764977,6587.660550458716,151.2230408026595
Maharashtra,Palghar,561.6751269035533,6304.0,224.21604943062474,26407.225920503828,2191.7195431472082,226.7160138867551
Maharashtra,Parbhani,840.3132250580047,3448.0,257.0976796394885,29020.81593078759,4550.0,89.6707304331099
Maharashtra,Pune,727.188859878155,17235.0,65.88357480800522,21675.59187453762,3064.2587757470264,227.17947976251685
Maharashtra,Raigad,606.1233108108108,2368.0,253.1819815136657,23747.25700585623,991.6807432432431,264.8028918062819
Maharashtra,Raigarh,903.4440842787682,2468.0,430.1050630288442,42.9902755267423,4957.5769854132905,77.45342319552199
Maharashtra,Raigarh(Mh),0.0,0.0,79.95149911816578,0.0,0.0,62.46474390456057
Maharashtra,Ratnagiri,1096.557811120918,1133.0,156.11603361684675,392609.6755162242,8335.304501323919,82.63280307042642
Maharashtra,Sangli,439.59950960359623,4894.0,1730.5220911745141,17006.49140395441,3425.4188802615445,140.48552525483865
Maharashtra,Satara,794.7297297297298,2960.0,763.5899916461584,23577.77900248002,5624.29054054054,130.6705651191949
Maharashtra,Sindhudurg,0.0,0.0,991.763576639009,0.0,0.0,153.17299338581722
Maharashtra,Solapur,1040.2403327684485,6491.0,179.37968334298895,40289.99393347105,4580.773378524111,164.5710311999789
Maharashtra,Thane,440.3950583763237,29464.0,53.32260840207887,16501.13145450102,1650.7772196578876,245.56625045043373
Maharashtra,Wardha,0.0,0.0,7808.700765635184,0.0,0.0,162.13897611300754
Maharashtra,Washim,642.9951690821256,1863.0,560.7728260392983,32714.46545795561,5267.686527106816,169.07832773644384
Maharashtra,Washim *,0.0,0.0,107.96296296296296,0.0,0.0,89.52254305081885
Maharashtra,Yavatmal,1058.9220528237063,4657.0,1847.4597408658228,53868.30885102029,5393.235988834013,136.80234234522965
Manipur,Bishnupur,0.0,0.0,13.963365217134946,0.0,0.0,175.54676202394484
Manipur,Chandel,0.0,0.0,480.55428587369903,0.0,0.0,92.07499655192531
Manipur,Churachandpur,141.39089968976214,3868.0,1.4527767445547077,6047.876614816768,426.7063081695967,218.3053077374978
Manipur,Imphal East,0.0,0.0,-5.385760253833698,0.0,0.0,109.78158091977627
Manipur,Imphal West,0.0,0.0,7.490859625196654,0.0,0.0,111.20053139603456
Manipur,Jiribam,0.0,0.0,78.56757525046586,0.0,0.0,204.74113518040417
Manipur,Kakching,0.0,0.0,67.1527108256276,0.0,0.0,54.947504027137754
Manipur,Pherzawl,0.0,0.0,0.0,0.0,0.0,44.721359549995796
Manipur,Senapati,0.0,0.0,207.37461012637814,0.0,0.0,106.1823426516042
Manipur,Tamenglong,0.0,0.0,6.81897620247557,0.0,0.0,139.36786472150405
Manipur,Thoubal,0.0,0.0,-3.8775012052443016,0.0,0.0,71.10656184882684
Manipur,Ukhrul,0.0,0.0,465.9646821218425,0.0,0.0,173.54970891599152
Meghalaya,East Garo Hills,30.230512053492873,5683.0,19.31488319702764,105.55347917729888,71.17719514341016,163.06198964921813
Meghalaya,East Jaintia Hills,30.046257359125317,4756.0,119.20343347717235,73.80438856736274,62.279226240538264,209.62928979355047
Meghalaya,East Khasi Hills,18.14246511807676,25873.0,74.7659475129525,46.338433719701,77.08035403702702,182.01383916500134
Meghalaya,Eastern West Khasi Hills,0.0,0.0,0.0,0.0,0.0,59.43953104828192
Meghalaya,Jaintia Hills,0.0,0.0,0.0,0.0,0.0,40.0
Meghalaya,North Garo Hills,27.99079754601227,2608.0,79.45030010247402,136.68958325986233,61.579754601227,60.070301495756354
Meghalaya,Ri Bhoi,38.25261386852542,8321.0,8.01264865830083,92.41362869296961,70.06369426751591,224.1468623659181
Meghalaya,South Garo Hills,35.11697361871578,4018.0,-1.8746551108514273,100.603790204669,58.06371329019413,232.55923643970925
Meghalaya,South West Garo Hills,51.681034482758626,4640.0,83.89910876522175,276.0948115996016,121.16379310344827,223.73538437580655
Meghalaya,South West Khasi Hills,39.75217682518419,2986.0,98.59980393347539,92.82511835143413,116.14199598124581,250.572983093189
Meghalaya,West Garo Hills,31.943868381031383,14466.0,-1.0953618084609005,99.09737056097723,232.6835338034011,194.7972957203004
Meghalaya,West Jaintia Hills,24.87198244330651,10936.0,373.0649954935085,62.19625821525804,62.6097293343087,245.65821548206185
Meghalaya,West Khasi Hills,19.24455655868295,15064.0,316.10408405799046,49.83736367190305,50.09293680297397,171.18860323304267
Mizoram,Aizawl,0.0,0.0,11.854323733816665,0.0,0.0,196.19210295049737
Mizoram,Champhai,0.0,0.0,-2.1969825051010248,0.0,0.0,296.66637374269686
Mizoram,Hnahthial,0.0,0.0,0.0,0.0,0.0,47.507309379130746
Mizoram,Khawzawl,0.0,0.0,0.0,0.0,0.0,34.64101615137755
Mizoram,Kolasib,0.0,0.0,15.920702278579194,0.0,0.0,277.05604923505246
Mizoram,Lawngtlai,86.94929343308395,1203.0,18.454468028322015,987.7032520325204,1012.1363258520366,200.84317294149167
Mizoram,Lunglei,0.0,0.0,33.92832304752187,0.0,0.0,168.15996295903213
Mizoram,Mamit,0.0,0.0,54.88458263017994,0.0,0.0,236.8853449807874
Mizoram,Mammit,0.0,0.0,107.08842083842083,0.0,0.0,42.351932948683654
Mizoram,Saiha,0.0,0.0,-4.311418882478579,0.0,0.0,253.38947721925612
Mizoram,Saitual,0.0,0.0,-32.692307692307686,0.0,0.0,48.98979485566356
Mizoram,Serchhip,0.0,0.0,18.490061204768775,0.0,0.0,254.15697980219068
Nagaland,Chumukedima,0.0,0.0,25.060277275467147,0.0,0.0,182.86765792167338
Nagaland,Dimapur,44.744218640504556,2854.0,248.79411479977523,466.61367150481317,616.6082690960055,58.6730355270777
Nagaland,Kiphire,0.0,0.0,34.42666542925075,0.0,0.0,206.3509778320317
Nagaland,Kohima,39.40886699507389,1421.0,345.552353936419,632.4442601805786,789.5144264602393,82.70848758420968
Nagaland,Longleng,0.0,0.0,24.01062836720542,0.0,0.0,58.87840577551897
Nagaland,Meluri,0.0,0.0,28.45238095238095,0.0,0.0,44.721359549995796
Nagaland,Mokokchung,0.0,0.0,23.41494025554166,0.0,0.0,216.39937984566097
Nagaland,Mon,61.64680390032503,1846.0,67.44497654796511,740.478572467986,583.0444203683641,178.85016651461657
Nagaland,Niuland,0.0,0.0,-16.493055555555554,0.0,0.0,77.39821980553393
Nagaland,Noklak,0.0,0.0,-18.29661098310292,0.0,0.0,55.90169943749474
Nagaland,Peren,50.7959479015919,1382.0,6.7047815831898365,732.8696192816965,300.7959479015919,238.27670671386
Nagaland,Phek,0.0,0.0,3.0700525989877923,0.0,0.0,53.85992603386226
Nagaland,Shamator,0.0,0.0,31.165577342047932,0.0,0.0,61.23724356957945
Nagaland,Tseminyu,0.0,0.0,-98.49624060150376,0.0,0.0,68.22633177256446
Nagaland,Tuensang,64.75349521707138,1359.0,573.1090288209374,1026.8839479837552,576.747608535688,113.97246317477484
Nagaland,Wokha,0.0,0.0,56.6554989373943,0.0,0.0,242.5099347709133
Nagaland,Zunheboto,0.0,0.0,56.77407497614445,0.0,0.0,222.22971945798008
Odisha,Angul,559.6422582448296,1789.0,148.22005770117156,87871.53456998314,3135.941866964785,209.0174027517861
Odisha,Balangir,332.6489397509256,2971.0,1225.4234957616063,37190.04041059524,2494.4463143722655,198.4107732003814
Odisha,Baleshwar,0.0,0.0,89.23639401585078,0.0,0.0,103.83956035592577
Odisha,Baleswar,388.8258650028361,3526.0,179.0809271172804,379267.1965181191,2349.8581962563812,243.03575749238811
Odisha,Bargarh,320.4316045945005,2873.0,670.5632130721211,403060.153256705,2221.3017751479288,155.01022773199068
Odisha,Baudh,0.0,0.0,15.135484491080751,0.0,0.0,73.4817356718887
Odisha,Bhadrak,465.43878656554716,2769.0,2118.634163244918,1076423.3020231214,2898.374864572048,232.04826880134766
Odisha,Boudh,0.0,0.0,1003.2396298801814,0.0,0.0,76.44426341204587
Odisha,Cuttack,475.8127902822436,2799.0,180.35968542034027,168044.44842406877,3999.5712754555198,204.1141139749551
Odisha,Debagarh,0.0,0.0,667.3605478252408,0.0,0.0,235.83744826783342
Odisha,Dhenkanal,580.9230769230769,1625.0,616.0114114798808,79.44615384615385,3969.9076923076923,214.01718835599564
Odisha,Gajapati,374.10788381742736,1205.0,-5.1804902740611425,94991.21565362198,3850.7883817427382,139.83382920666148
Odisha,Ganjam,688.0715197956577,3915.0,173.46228393543353,1182415.9723996932,3913.8441890166027,227.08938107959028
Odisha,Jagatsinghapur,307.28476821192055,1812.0,569.6010399511181,478456.76421866374,1977.7041942604858,264.46568397300615
Odisha,Jagatsinghpur,0.0,0.0,950.2301746450369,0.0,0.0,39.41955570207327
Odisha,Jajapur,550.6838905775077,1316.0,962.6807986894238,636432.927756654,3789.437689969605,197.6950416166698
Odisha,Jajpur,564.5669291338583,1270.0,414.8881155981435,56625.89356632248,2787.716535433071,262.6310263751157
Odisha,Jharsuguda,0.0,0.0,1.8310337207325231,0.0,0.0,266.36112988222095
Odisha,Kalahandi,486.0863360684981,2803.0,2048.500970805428,46631.06839145731,3018.6942561541205,205.03248778598427
Odisha,Kandhamal,446.91991786447636,1948.0,504.88173297086854,61.49897330595483,2671.149897330595,233.29992426038
Odisha,Kendrapara,502.94685990338166,2070.0,1151.7120663437047,60253.673965936745,3107.246376811594,206.8379628186614
Odisha,Kendujhar,535.8259687287559,2942.0,166.10754564147592,273869.6220633299,3060.3331067301156,207.78848511005398
Odisha,Khorda,456.4600094652153,2113.0,81.43647305948139,116271.58458825124,3638.2867960246094,210.7790180314837
Odisha,Khordha,0.0,0.0,83.37917394892301,0.0,0.0,53.54272812288826
Odisha,Koraput,390.03104518799586,2899.0,859.5554930644722,44.63608140738186,3190.651948947913,168.19395253629693
Odisha,Malkangiri,394.0806705081194,1909.0,82.49360130915,654748.8993710692,2268.1508643268726,251.5369312524647
Odisha,Mayurbhanj,429.63181728686754,5079.0,280.41490026411697,237845.0009859988,2630.1240401653868,221.4528239646877
Odisha,Nabarangapur,294.916864608076,4210.0,839.4211901084306,75326.80174811283,1987.1021377672212,226.6705562010781
Odisha,Nayagarh,559.7285067873303,1326.0,469.50702517130026,161000.94553706504,3982.9562594268473,243.263539411956
Odisha,Nuapada,364.9566473988439,1384.0,37.90314107240681,46.38728323699422,2843.85838150289,203.79879165756466
Odisha,Puri,468.88035126234905,1822.0,174.62985213180377,52.08562019758507,3111.306256860593,209.7882372242855
Odisha,Rayagada,417.9350460494425,2063.0,461.8640647887621,760650.7759456838,2497.333979641299,206.5457466463835
Odisha,Sambalpur,695.2455183164458,1283.0,297.9072922502973,80.12470771628995,3505.8456742010912,214.8302043905336
Odisha,Sonapur,0.0,0.0,483.77017223539696,0.0,0.0,228.11224651338392
Odisha,Subarnapur,0.0,0.0,-11.016919761916983,0.0,0.0,193.69476487963522
Odisha,Sundargarh,0.0,0.0,7.060342814383423,0.0,0.0,61.13544606818637
Odisha,Sundergarh,518.6066637819126,2311.0,1699.69974143965,95773.62450592885,3584.2059714409343,229.4902603267992
Orissa,Angul,0.0,0.0,2.190476190476191,0.0,0.0,57.735026918962575
Orissa,Balangir,0.0,0.0,-7.145192192683718,0.0,0.0,46.17406297921364
Orissa,Baleshwar,0.0,0.0,332.8544090007617,0.0,0.0,59.1427339419208
Orissa,Baleswar,0.0,0.0,0.0,0.0,0.0,0.0
Orissa,Bargarh,0.0,0.0,157.70005213285185,0.0,0.0,58.15189173257645
Orissa,Bhadrak,0.0,0.0,6.034311210550568,0.0,0.0,64.28594891413796
Orissa,Cuttack,0.0,0.0,534.9503781703603,0.0,0.0,70.99276486364232
Orissa,Debagarh,0.0,0.0,0.0,0.0,0.0,0.0
Orissa,Dhenkanal,0.0,0.0,84.89742217641773,0.0,0.0,68.00735254367723
Orissa,Gajapati,0.0,0.0,41.42857142857143,0.0,0.0,37.26779962499649
Orissa,Ganjam,0.0,0.0,346.41772983041756,0.0,0.0,56.03635183764845
Orissa,Jagatsinghapur,0.0,0.0,40.166666666666664,0.0,0.0,56.376946542332576
Orissa,Jajapur,0.0,0.0,15.348945380860275,0.0,0.0,69.39984850644541
Orissa,Jharsuguda,0.0,0.0,41.666666666666664,0.0,0.0,22.268088570756163
Orissa,Kalahandi,0.0,0.0,0.0,0.0,0.0,0.0
Orissa,Kandhamal,0.0,0.0,14.444444444444445,0.0,0.0,70.5001665526237
Orissa,Kendrapara,0.0,0.0,103.33333333333333,0.0,0.0,52.208391440407866
Orissa,Kendujhar,0.0,0.0,28.09983896940419,0.0,0.0,79.05694150420949
Orissa,Khordha,0.0,0.0,25.35070579602997,0.0,0.0,48.52658372987069
Orissa,Koraput,0.0,0.0,133.08195532451825,0.0,0.0,54.735539234469535
Orissa,Malkangiri,0.0,0.0,8.575757575757574,0.0,0.0,46.57704893617999
Orissa,Mayurbhanj,0.0,0.0,16.666666666666668,0.0,0.0,34.64101615137754
Orissa,Nabarangapur,0.0,0.0,0.0,0.0,0.0,0.0
Orissa,Nayagarh,0.0,0.0,19.500538677009267,0.0,0.0,88.70421354140963
Orissa,Nuapada,0.0,0.0,0.0,0.0,0.0,0.0
Orissa,Puri,0.0,0.0,280.00653013986226,0.0,0.0,36.50849825110949
Orissa,Rayagada,0.0,0.0,50.02808870652964,0.0,0.0,86.58364321699146
Orissa,Sambalpur,0.0,0.0,31.25,0.0,0.0,39.212622429333486
Orissa,Sonapur,0.0,0.0,20.833333333333332,0.0,0.0,62.31104770958892
Orissa,Subarnapur,0.0,0.0,10.0,0.0,0.0,65.46536707079771
Orissa,Sundargarh,0.0,0.0,4.729576539374812,0.0,0.0,73.95518622828386
Orissa,Sundergarh,0.0,0.0,0.0,0.0,0.0,0.0
Pondicherry,Cuddalore,0.0,0.0,0.0,0.0,0.0,0.0
Pondicherry,Karaikal,0.0,0.0,41.8963857665441,0.0,0.0,58.80101239334048
Pondicherry,Pondicherry,0.0,0.0,380.7689618224535,0.0,0.0,46.92568471965027
Pondicherry,Viluppuram,0.0,0.0,0.0,0.0,0.0,0.0
Pondicherry,Yanam,0.0,0.0,23.40608465608465,0.0,0.0,58.87840577551897
Puducherry,Karaikal,0.0,0.0,2513.533385197339,0.0,0.0,178.46116591507825
Puducherry,Pondicherry,0.0,0.0,50.0,0.0,0.0,47.14045207910317
Puducherry,Puducherry,0.0,0.0,372.10862722672823,0.0,0.0,186.53680283821018
Puducherry,Yanam,0.0,0.0,29.166666666666668,0.0,0.0,104.44659357341872
Punjab,Amritsar,449.1240875912409,6850.0,171.3943827686245,18541.08869028224,2181.021897810219,283.01582121644776
Punjab,Barnala,0.0,0.0,767.9305397067067,0.0,0.0,222.4257686440852
Punjab,Bathinda,1083.4657039711192,1385.0,368.217113276279,470034.65991316934,6057.039711191336,245.1320758844624
Punjab,Faridkot,0.0,0.0,455.7369255779767,0.0,0.0,268.97965017250027
Punjab,Fatehgarh Sahib,0.0,0.0,793.1190320316291,0.0,0.0,202.12028907757977
Punjab,Fazilka,996.7538322813346,1109.0,287.97433146389494,258686.28959276018,5124.526600541028,276.15572120863357
Punjab,Ferozepur,0.0,0.0,2909.6128125961654,0.0,0.0,267.79355251800905
Punjab,Firozpur,0.0,0.0,9.815533203492034,0.0,0.0,95.95244002709502
Punjab,Gurdaspur,539.3725992317542,3124.0,1142.928804078664,18047.128329151197,3548.7516005121643,249.67788242206308
Punjab,Hoshiarpur,596.5676822213652,2593.0,313.72262899545757,13956.860451514796,3332.3563440030853,279.9568597884249
Punjab,Jalandhar,552.6548672566372,2034.0,768.6801084127067,46046.28672734741,5727.826941986234,160.79887571187285
Punjab,Kapurthala,147.76119402985074,2680.0,546.2350153275303,468.67225467784266,1661.5671641791046,123.43311578349696
Punjab,Ludhiana,259.7492209526636,13478.0,160.57629458359716,5362.286444452372,1320.9229856061731,248.8209620178635
Punjab,Malerkotla,0.0,0.0,192.186083317244,0.0,0.0,268.6118217801547
Punjab,Mansa,0.0,0.0,51.019116540576974,0.0,0.0,271.42762248852443
Punjab,Moga,0.0,0.0,3322.419375714555,0.0,0.0,260.68203162151286
Punjab,Muktsar,0.0,0.0,209.53658313977894,0.0,0.0,70.50718792734233
Punjab,Nawanshahr,0.0,0.0,26.872526936330793,0.0,0.0,48.1601833942446
Punjab,Pathankot,0.0,0.0,879.4958729490131,0.0,0.0,280.64059420057526
Punjab,Patiala,788.2113821138211,3444.0,533.8313100795755,59537.64325595063,3425.8710801393727,286.3195138716256
Punjab,Rupnagar,0.0,0.0,456.4149025236211,0.0,0.0,73.96953944445369
Punjab,S.A.S Nagar(Mohali),0.0,0.0,7.627160547448187,0.0,0.0,77.04796712725262
Punjab,Sangrur,559.6810933940774,1317.0,335.62775039458694,53825.47192071732,4965.831435079727,131.00365256542688
Punjab,Sas Nagar (Mohali),1290.257699560025,1591.0,175.87151489793447,72486.62079134923,4110.936517913262,289.6501144773344
Punjab,Shaheed Bhagat Singh Nagar,0.0,0.0,24.30845929288837,0.0,0.0,26.037717695039014
Punjab,Sri Muktsar Sahib,0.0,0.0,218.5376545625593,0.0,0.0,257.24508356599927
Punjab,Tarn Taran,408.70327102803736,1712.0,436.86421513848467,60882.48089359201,4127.278037383177,150.45798269791285
Rajasthan,Ajmer,584.3320505772402,7276.0,69.68578392605266,51856.58488257766,1955.6761957119295,281.1581287735226
Rajasthan,Alwar,297.52849191624705,15092.0,704.7241915127144,24028.840850961395,1365.1205936920223,262.54641661879197
Rajasthan,Balotra,0.0,0.0,0.0,0.0,0.0,77.45966692414834
Rajasthan,Banswara,904.7606522882694,3802.0,75.92265806259051,1094759.0681758358,2647.527617043661,285.2295971649427
Rajasthan,Baran,431.86316087079445,3537.0,97.7260306404883,26879.23796024434,1959.4571670907549,230.4853119161562
Rajasthan,Barmer,451.8806306306306,8880.0,35.93822386072489,126225.86070539468,2046.7117117117116,301.8134447345682
Rajasthan,Beawar,0.0,0.0,0.0,0.0,0.0,122.16876751540342
Rajasthan,Bharatpur,360.3377586880125,10244.0,2171.6718223198263,42610.259689159946,1362.9441624365481,280.5124811373106
Rajasthan,Bhilwara,434.73859171955274,6618.0,575.3143115607865,33634.341541755886,1556.4067694167422,260.60558697000243
Rajasthan,Bikaner,310.14346559067474,8922.0,505.81602720281256,17947.192917589287,1348.4644698498093,286.2154110301022
Rajasthan,Bundi,525.5265068990559,2754.0,94.54982011130278,22177.646622123237,2147.6034858387798,248.53857139896775
Rajasthan,Chittaurgarh,0.0,0.0,65.60149449564773,0.0,0.0,56.78908345800273
Rajasthan,Chittorgarh,468.0290872617854,3988.0,69.0504294616437,23919.79669695477,1630.4914744232697,259.1253252883556
Rajasthan,Churu,223.76895125924068,7981.0,32.120650657388346,17247.87995943719,1403.6837489036461,239.9507522177266
Rajasthan,Dausa,399.37148527952365,3023.0,155.79845953032947,211810.96090125912,2924.280516043665,227.4899978925094
Rajasthan,Deeg,0.0,0.0,42.857142857142854,0.0,0.0,48.841792102572626
Rajasthan,Dhaulpur,0.0,0.0,278.60406698564594,0.0,0.0,77.25289416883938
Rajasthan,Dholpur,528.1408859840233,5508.0,573.750361685953,39113.309943573804,1547.4400871459695,293.9765282125282
Rajasthan,Didwana-Kuchaman,0.0,0.0,0.0,0.0,0.0,61.66648052983598
Rajasthan,Dungarpur,750.187265917603,3471.0,488.1121939708183,146526.28154909908,2451.9446845289544,274.8571996947926
Rajasthan,Ganganagar,989.4991922455574,2476.0,3752.552866829962,226766.35847526358,3980.573505654281,273.2518612781954
Rajasthan,Hanumangarh,891.5858725761773,2888.0,1185.6330795357526,130253.57723577235,3300.277008310249,298.9845597618194
Rajasthan,Jaipur,530.6938820181679,18274.0,207.3214391851787,29503.101111848628,1922.0531903250521,283.1973797401999
Rajasthan,Jaisalmer,259.95274660366215,1693.0,485.9482021997305,14489.646969899071,2195.392793857058,252.4485571740235
Rajasthan,Jalor,246.471387961933,8091.0,330.49497710659995,13726.160664768735,1086.6271165492522,283.7570514624621
Rajasthan,Jalore,0.0,0.0,0.0,0.0,0.0,121.72308048844171
Rajasthan,Jhalawar,786.122125297383,3783.0,113.77374276070414,145645.3772582359,2248.480042294475,287.6146781710252
Rajasthan,Jhunjhunu,0.0,0.0,67.95654221717506,0.0,0.0,44.990580286864926
Rajasthan,Jhunjhunun,435.4534161490683,4025.0,302.91130901278507,74759.3573093573,2414.1863354037264,247.4032395629664
Rajasthan,Jodhpur,307.76931754089117,14184.0,15.514233703763095,12575.424888896147,1450.3384094754654,282.8843366191828
Rajasthan,Karauli,272.41097011870653,4886.0,47.295479560520974,36469.56504944376,1456.7539909946786,210.2580603527926
Rajasthan,Khairthal-Tijara,0.0,0.0,0.0,0.0,0.0,98.38098471164228
Rajasthan,Kota,749.4322902243147,3611.0,12.727562354500526,43813.9707655214,2640.0443090556632,269.50564998753015
Rajasthan,Kotputli-Behror,0.0,0.0,0.0,0.0,0.0,58.68455973269637
Rajasthan,Nagaur,310.0967801972827,10746.0,161.65839944832203,32746.342259694255,1675.2000744463057,285.5764757145845
Rajasthan,Pali,333.7854500616523,4866.0,341.97779591816425,38944.02389569616,2638.902589395808,247.25009908742206
Rajasthan,Phalodi,0.0,0.0,0.0,0.0,0.0,123.28828005937953
Rajasthan,Pratapgarh,711.8807118807119,2079.0,48.13497250382574,464324.8073217727,2757.8643578643578,268.0359739746004
Rajasthan,Rajsamand,680.8743169398907,2379.0,183.41580929316876,371543.83157894737,2539.386296763346,279.8765274761216
Rajasthan,Salumbar,0.0,0.0,0.0,0.0,0.0,63.76610151545521
Rajasthan,Sawai Madhopur,317.41383778180875,3859.0,26.124703967823542,32210.496732026142,1808.0590826639025,232.2752153633883
Rajasthan,Sikar,345.7371225577265,6756.0,206.170305545628,33869.910748172726,2153.878034339846,225.4745946694673
Rajasthan,Sirohi,160.13442277279916,7588.0,1562.7231309593517,5786.331583215947,780.3110173958883,271.8609154154299
Rajasthan,Tonk,475.3120665742025,3605.0,92.4572045221077,42224.12129136702,2070.2080443828017,265.12449012935764
Rajasthan,Udaipur,527.8095238095239,7875.0,1052.985262959679,74738.78061731187,2144.5714285714284,279.2727295366078
Sikkim,East,0.0,0.0,123.05911895650944,0.0,0.0,171.28495024079203
Sikkim,East Sikkim,0.0,0.0,20.033272141647053,0.0,0.0,131.79641197178603
Sikkim,Mangan,0.0,0.0,0.0,0.0,0.0,59.999999999999986
Sikkim,Namchi,0.0,0.0,0.0,0.0,0.0,68.01822763010537
Sikkim,North,0.0,0.0,29.154518950437318,0.0,0.0,70.887217107599
Sikkim,North Sikkim,0.0,0.0,40.70070422535211,0.0,0.0,125.704473920193
Sikkim,South,0.0,0.0,79.95222448234497,0.0,0.0,80.25844094098427
Sikkim,South Sikkim,0.0,0.0,156.92322542322543,0.0,0.0,65.01790528260595
Sikkim,West,0.0,0.0,108.78038681633102,0.0,0.0,71.91108769625703
Sikkim,West Sikkim,0.0,0.0,35.08191116945629,0.0,0.0,228.4797763215976
Tamil Nadu,Ariyalur,548.9675516224189,1017.0,657.7275641949741,18896.978851963748,6243.7561455260575,175.6687764973867
Tamil Nadu,Chengalpattu,0.0,0.0,365.3053489189623,0.0,0.0,85.69754184607595
Tamil Nadu,Chennai,887.0553567669964,4751.0,136.7926542126279,54935.99596789389,4025.699852662597,187.16093584748205
Tamil Nadu,Coimbatore,709.7441860465116,4300.0,1530.694614438279,118244.46534039502,4432.186046511628,175.04874493158405
Tamil Nadu,Cuddalore,628.3585735222276,4094.0,488.5906960427547,225933.50636630756,3148.143624816805,201.93863930320143
Tamil Nadu,Dharmapuri,515.8094435075885,2372.0,458.97519987184717,103259.51735817106,3207.2934232715006,202.54799068805448
Tamil Nadu,Dindigul,619.6581196581196,2925.0,1190.5231662323918,790370.7663359562,5168.34188034188,216.52532636323718
Tamil Nadu,Erode,662.9757785467128,2890.0,2183.194306106952,64.77508650519032,3825.051903114187,193.15329536488846
Tamil Nadu,Kallakurichi,0.0,0.0,194.4621582742371,0.0,0.0,207.09567625959434
Tamil Nadu,Kancheepuram,646.3966085727744,6369.0,381.1673072569158,84767.35871209556,2964.1544983513895,210.77206522813592
Tamil Nadu,Kanchipuram,0.0,0.0,0.0,0.0,0.0,47.14045207910317
Tamil Nadu,Kanniyakumari,797.7253580454928,1187.0,1837.244309263538,116.68070766638586,4577.337826453243,191.44043445537739
Tamil Nadu,Kanyakumari,0.0,0.0,1863.6385202982149,0.0,0.0,235.41455151732666
Tamil Nadu,Karur,398.937784522003,1977.0,331.3892322853065,696753.491902834,2382.245827010622,203.41240395616452
Tamil Nadu,Krishnagiri,744.2920353982302,2260.0,184.9373580671214,1443494.422310757,3949.9557522123896,222.55513225856907
Tamil Nadu,Madurai,595.6369302687963,5134.0,58.99215272711152,91954.81509000642,3359.97273081418,198.41886088784486
Tamil Nadu,Mayiladuthurai,0.0,0.0,121.63732382853671,0.0,0.0,162.30857388817026
Tamil Nadu,Nagapattinam,484.6547314578005,1955.0,317.941788862583,50.076726342711,3058.3631713554987,76.81505833055763
Tamil Nadu,Namakkal,507.0944599442009,2509.0,661.6288234376693,353248.6166533653,3629.573535273017,169.78399219914405
Tamil Nadu,Perambalur,376.8491834774255,1041.0,156.3973016665506,74.25552353506244,4022.958693563881,115.33444921751706
Tamil Nadu,Pudukkottai,365.9428571428571,3500.0,1530.182699531423,64523.929675229265,2703.285714285714,140.19735700579074
Tamil Nadu,Ramanathapuram,519.2328471096705,1851.0,725.4230087199483,31055.994152046784,4117.828200972448,172.04683647639044
Tamil Nadu,Ranipet,0.0,0.0,74.52495974235106,0.0,0.0,166.3460584866682
Tamil Nadu,Salem,535.3996412198525,5017.0,425.08956753891596,32215.825188181105,3826.968307753638,163.6216720274504
Tamil Nadu,Sivaganga,392.5728155339806,2060.0,871.0547757574324,69143.0731707317,3279.805825242718,120.49318512195526
Tamil Nadu,Tenkasi,0.0,0.0,283.1018637685637,0.0,0.0,199.1497597566144
Tamil Nadu,Thanjavur,543.303952232016,3517.0,226.67874447600323,116778.6958117532,3724.0545919818023,183.8602914705548
Tamil Nadu,The Nilgiris,0.0,0.0,973.9379810415268,0.0,0.0,55.81699328249731
Tamil Nadu,Theni,648.854961832061,1703.0,1570.4727519720327,72.6952436876101,4172.930123311803,172.6624592469159
Tamil Nadu,Thiruvallur,0.0,0.0,204.22885520085347,0.0,0.0,65.2143367675985
Tamil Nadu,Thiruvarur,528.7280701754386,1824.0,616.0875250773969,847736.0394953374,2821.052631578947,149.9763226859361
Tamil Nadu,Thoothukkudi,467.05882352941177,2380.0,1681.9806218911558,68.40336134453781,4091.344537815126,132.8686322754622
Tamil Nadu,Tiruchirappalli,394.78893152898405,4951.0,266.0969775250785,1684445.4343434344,3006.261361341143,188.607319446989
Tamil Nadu,Tirunelveli,446.51260504201684,4760.0,2007.7825488488727,80.54621848739497,3232.4159663865544,186.7845224898657
Tamil Nadu,Tirupathur,0.0,0.0,0.0,0.0,0.0,43.30127018922194
Tamil Nadu,Tirupattur,0.0,0.0,381.1714306417844,0.0,0.0,191.5294791154291
Tamil Nadu,Tiruppur,871.3804713804715,2970.0,933.2648094080727,2216374.873694847,4097.6430976430975,233.2544321499876
Tamil Nadu,Tiruvallur,857.5345129301963,5143.0,85.86321917414656,298350.4543409806,3814.232937973945,243.14935708314184
Tamil Nadu,Tiruvannamalai,485.3631284916201,3580.0,488.56352896111855,376034.7874720358,3143.7430167597763,191.0202775844519
Tamil Nadu,Tuticorin,0.0,0.0,0.0,0.0,0.0,0.0
Tamil Nadu,Vellore,500.0,4788.0,1004.9729199660771,50965.69129668546,2945.050125313283,177.51319904702456
Tamil Nadu,Villupuram,321.53846153846155,2795.0,318.14638213546766,77.88908765652953,2954.633273703041,126.4502885989305
Tamil Nadu,Viluppuram,413.4615384615385,2184.0,807.9905092692362,26.602564102564102,2806.0439560439563,100.23950871166201
Tamil Nadu,Virudhunagar,610.6468461229409,2489.0,532.6110421104175,1290607.8778135048,3467.657693852953,221.48292877011278
Telangana,Adilabad,777.2969768820391,1687.0,1264.1236063663366,100.592768227623,3547.7178423236514,246.83787840641682
Telangana,Bhadradri Kothagudem,454.8738248391885,2021.0,1900.9363671482615,21228.364755884915,1027.610094012865,173.27997078926995
Telangana,Hanumakonda,0.0,0.0,81.00269746968003,0.0,0.0,137.93667791982898
Telangana,Hyderabad,375.59055118110234,17399.0,40.801856077885105,12464.56101338732,1182.4300247140638,270.71964068680165
Telangana,Jagitial,0.0,0.0,13.59116543307923,0.0,0.0,125.0154092330277
Telangana,Jangaon,0.0,0.0,37.80952380952381,0.0,0.0,32.17458798690651
Telangana,Jangoan,0.0,0.0,135.82647149854716,0.0,0.0,142.54553131019495
Telangana,Jayashankar Bhupalpally,0.0,0.0,100.55617771100528,0.0,0.0,228.2917903659151
Telangana,Jogulamba Gadwal,0.0,0.0,4.049387079250107,0.0,0.0,277.54857786206765
Telangana,K.V. Rangareddy,594.58254375209,8971.0,105.86694761066624,52859.198210006485,2392.6875487682532,227.79426631977432
Telangana,Kamareddy,634.1978866474544,1041.0,706.7074712275887,89.9135446685879,1458.597502401537,186.07069960121547
Telangana,Karimnagar,704.5948463210183,3221.0,444.20052561019054,997915.0357253805,3465.228190003105,199.5270257257583
Telangana,Khammam,620.2781516375056,2229.0,171.4932992751735,592211.0911540189,2264.333781965007,159.54339999638515
Telangana,Komaram Bheem,0.0,0.0,21.430994362982325,0.0,0.0,147.51784318483035
Telangana,Mahabubabad,0.0,0.0,128.38546388077737,0.0,0.0,201.98647707096748
Telangana,Mahabubnagar,454.9897820163488,5872.0,525.0046317846042,686529.0907025614,2660.3201634877382,214.466560891402
Telangana,Mancherial,0.0,0.0,51.93761523180247,0.0,0.0,96.61836169288577
Telangana,Medak,313.87571157495256,4216.0,1743.1278266944028,277274.19278252614,2082.5426944971537,146.20768526444573
Telangana,Medchal-Malkajgiri,1220.365793376174,2023.0,238.26522781911282,42745.956751054844,2184.873949579832,247.3347398731074
Telangana,Medchal?Malkajgiri,0.0,0.0,0.0,0.0,0.0,0.0
Telangana,Medchal−Malkajgiri,0.0,0.0,78.74901927752275,0.0,0.0,44.996027891122445
Telangana,Mulugu,0.0,0.0,85.53966040477503,0.0,0.0,219.76061663586347
Telangana,Nagarkurnool,0.0,0.0,100.87102272477023,0.0,0.0,170.14802091502554
Telangana,Nalgonda,533.5014600477834,3767.0,350.52442171121055,71.70161932572339,2872.6838332890898,176.82155857267153
Telangana,Narayanpet,0.0,0.0,85.80416663913759,0.0,0.0,156.76986424708562
Telangana,Nirmal,0.0,0.0,26.17472800046439,0.0,0.0,114.50271984504639
Telangana,Nizamabad,512.7573131094258,3692.0,2167.706850132338,1595319.3443511243,2423.8894907908993,211.38414334204748
Telangana,Peddapalli,0.0,0.0,153.54750136298674,0.0,0.0,146.33959734005919
Telangana,Rajanna Sircilla,0.0,0.0,21.991992232796505,0.0,0.0,57.70839325428297
Telangana,Rangareddy,0.0,0.0,71.2828147788041,0.0,0.0,149.6887926867179
Telangana,Sangareddy,1017.4165457184324,1378.0,6.593209609166874,389163.15151515155,1883.0188679245282,266.9329238787658
Telangana,Siddipet,0.0,0.0,189.81340752159284,0.0,0.0,131.28862206342
Telangana,Suryapet,777.4683544303797,1185.0,113.65609429495521,66.58227848101265,1855.3586497890296,98.49389636367127
Telangana,Vikarabad,1191.6422287390028,1364.0,0.48536740646509025,173.60703812316714,1807.9912023460408,173.69808395453376
Telangana,Wanaparthy,0.0,0.0,86.0426921435792,0.0,0.0,120.48819781708076
Telangana,Warangal,769.1101694915254,2360.0,78.48796192178611,527334.5637109319,3722.330508474576,191.4768590317225
Telangana,Yadadri.,0.0,0.0,473.2518361424793,0.0,0.0,174.24930680904194
Tripura,Dhalai,0.0,0.0,99.76959468667032,0.0,0.0,158.53714244705566
Tripura,Dhalai  *,0.0,0.0,26.91951987406533,0.0,0.0,79.30410488380791
Tripura,Gomati,0.0,0.0,380.0715190821235,0.0,0.0,101.69327731652498
Tripura,Khowai,0.0,0.0,103.33638780660725,0.0,0.0,208.90628443819188
Tripura,North Tripura,0.0,0.0,96.91137674259963,0.0,0.0,178.98167628477253
Tripura,Sepahijala,0.0,0.0,-15.373743798389919,0.0,0.0,178.0383148831467
Tripura,South Tripura,0.0,0.0,2591.822597952613,0.0,0.0,174.63877998801684
Tripura,Unakoti,0.0,0.0,87.89283919908338,0.0,0.0,178.8044025293958
Tripura,West Tripura,1068.6148919135308,1249.0,133.63468439368307,21796.266042623334,6607.526020816654,199.43460738626905
Uttar Pradesh,Agra,215.71770334928232,20900.0,36.23377276308128,7047.270610665518,1016.8373205741627,181.7524551983855
Uttar Pradesh,Aligarh,320.64710308502634,19935.0,89.6673893680372,11409.670393384644,1035.7361424630049,249.4181807264916
Uttar Pradesh,Allahabad,731.8347338935574,7140.0,51.40345170871299,933481.8640504555,3401.40056022409,181.8836017751789
Uttar Pradesh,Ambedkar Nagar,475.5354382865975,4529.0,173.14987494186153,67955.30437680516,1758.7767719143296,185.47905800661027
Uttar Pradesh,Amethi,560.7323232323233,3960.0,73.7356461676268,142055.77076243574,2190.7323232323233,174.54124146324955
Uttar Pradesh,Amroha,649.6781883194279,4195.0,120.04509856903756,60746.46887513652,2144.5768772348033,255.91788423478494
Uttar Pradesh,Auraiya,852.9126213592233,1854.0,357.4938140372394,351330.08108108107,3291.046386192017,174.15094001912644
Uttar Pradesh,Ayodhya,291.53783563873066,1229.0,83.75081247276198,10783.606321839081,678.8445890968267,155.84205876178058
Uttar Pradesh,Azamgarh,337.6223241590214,13080.0,225.05513281736648,25368.92823502109,1232.4311926605506,171.33642890751835
Uttar Pradesh,Baghpat,311.127063890883,4179.0,195.61044061270022,11127.329872581406,1279.8755683177794,167.95919675210814
Uttar Pradesh,Bagpat,0.0,0.0,0.0,0.0,0.0,0.0
Uttar Pradesh,Bahraich,100.6364554328203,32681.0,79.63279438372898,1547.327836011768,470.3130259171996,157.05313163394592
Uttar Pradesh,Ballia,614.5177461399638,4987.0,133.53895267902578,382536.71543316124,2489.0715861239223,159.55940371702286
Uttar Pradesh,Balrampur,280.5839969662495,7911.0,70.01779588698258,16543.211713331617,1078.8269498167108,184.25663497702317
Uttar Pradesh,Banda,191.42077213050825,7693.0,695.7874157709291,7809.386430632335,1033.1600155985961,121.97088444553275
Uttar Pradesh,Bara Banki,665.3970826580227,4936.0,434.72580961191323,67012.19927758467,3001.742301458671,224.13399520967477
Uttar Pradesh,Barabanki,58.94289759320435,2119.0,271.775373427178,2344.750846637639,169.04200094384143,58.19107522248682
Uttar Pradesh,Bareilly,295.9449598665694,19186.0,362.8379371786901,12991.389896839606,1152.4236422391327,193.8167168903101
Uttar Pradesh,Basti,431.91742755061534,5038.0,28.125789003501847,58911.54179154179,1912.1278285033743,181.00799181237386
Uttar Pradesh,Bhadohi,0.0,0.0,21.61510109146415,0.0,0.0,280.59584561811846
Uttar Pradesh,Bijnor,699.1517652453003,8724.0,33.75157366446926,127089.5590699623,2435.7977991746907,241.3178628405778
Uttar Pradesh,Budaun,437.9593764761455,10585.0,84.40973759771168,17499.4739869646,1124.9976381672177,215.41871656917283
Uttar Pradesh,Bulandshahar,0.0,0.0,41.666666666666664,0.0,0.0,88.75171750899663
Uttar Pradesh,Bulandshahr,559.285494302433,9741.0,104.16655349505275,35382.874152193275,1869.1612770762756,258.82575009345976
Uttar Pradesh,Chandauli,333.2048118445404,6484.0,418.6450947658641,13399.309117215267,1355.1357186921653,158.4529853238347
Uttar Pradesh,Chitrakoot,432.4979789814067,2474.0,170.68465262080161,96527.67045454546,2145.836701697656,162.75663402034792
Uttar Pradesh,Deoria,440.6388206388207,6105.0,21.36758404717934,35871.40255009107,2038.2473382473381,137.6509932081437
Uttar Pradesh,Etah,184.5137914913511,8556.0,248.86984077101613,11658.041611349796,959.1397849462365,134.58819158398217
Uttar Pradesh,Etawah,428.63615768010874,4414.0,184.29465204497657,22017.566305112716,1705.482555505211,241.10382618099825
Uttar Pradesh,Faizabad,444.9753310828356,3851.0,59.348677581169994,1543755.8961038962,2158.322513632823,151.8669137159084
Uttar Pradesh,Farrukhabad,644.7446336047373,2702.0,96.49765605798635,34937.109522017316,2494.2264988897114,153.07860556143694
Uttar Pradesh,Fatehpur,319.48866377231064,8292.0,79.20335057205104,14278.864596959927,1335.383502170767,203.52620740576478
Uttar Pradesh,Firozabad,662.2239571715369,8966.0,137.26610283265833,65577.36857595868,1556.7254070934641,272.40206068008763
Uttar Pradesh,Gautam Buddha Nagar,369.32582726898255,14566.0,8.182034540811753,8724.466376089664,817.5751750652204,299.991072933458
Uttar Pradesh,Ghaziabad,499.662140625996,15687.0,0.5850991902574456,22986.194421077143,1400.337859374004,284.53932200471445
Uttar Pradesh,Ghazipur,613.8420305848967,6343.0,81.61583661051438,91210.09677612912,2261.6585212044774,221.26984238365833
Uttar Pradesh,Gonda,330.7307102708227,9785.0,33.75045634724791,12979.674809543338,1407.0720490546755,187.31288718190945
Uttar Pradesh,Gorakhpur,318.462804969316,13362.0,29.570570654945403,10141.270552964244,1241.131567130669,207.92793533016166
Uttar Pradesh,Hamirpur,612.3192596876808,1729.0,447.61899462833793,96998.69109947643,2858.7622903412375,129.4897171648812
Uttar Pradesh,Hapur,319.16565900846433,4962.0,127.96761126795495,52697.20815039964,1069.1656590084642,276.3065501087717
Uttar Pradesh,Hardoi,236.32388753597522,18068.0,39.02731163424891,19633.181268140466,1030.4073500110694,224.57862501410108
Uttar Pradesh,Hathras,439.6891479322787,3603.0,115.59691453422002,31549.911935544314,2087.1773522064946,154.99449413364167
Uttar Pradesh,Jalaun,455.86914688903147,3118.0,455.25890272722614,17691.02177078524,2195.253367543297,181.2496583527532
Uttar Pradesh,Jaunpur,449.6186311400386,9833.0,122.66525142648234,23004.12866750425,1709.285060510526,193.32825366862832
Uttar Pradesh,Jhansi,611.4763721749339,3407.0,406.93299950594513,51518.282139706476,2843.880246551218,188.48271486658894
Uttar Pradesh,Jyotiba Phule Nagar,0.0,0.0,45.37037037037037,0.0,0.0,65.4370454743735
Uttar Pradesh,Kannauj,490.8767471410419,3935.0,130.76906819604713,24615.583071520974,1736.5184243964422,226.43180125400727
Uttar Pradesh,Kanpur Dehat,368.4780613181568,5447.0,196.16680825387184,12484.552348495688,1363.9985313016339,228.62874819909644
Uttar Pradesh,Kanpur Nagar,273.3889219773675,16790.0,47.98863110964358,7831.857324672319,1030.381179273377,217.3895860821689
Uttar Pradesh,Kasganj,326.92115768463077,4008.0,311.7916706477908,12554.87242255908,1560.9780439121757,140.39492402331297
Uttar Pradesh,Kaushambi,493.8813207111521,4331.0,139.70089691696535,36393.07081093713,2138.189794504733,213.38262090454072
Uttar Pradesh,Kheri,285.84432255805814,17138.0,125.05632275143985,13233.052589039096,1015.9761932547556,222.64532568129871
Uttar Pradesh,Kushi Nagar,0.0,1570.0,0.0,0.0,0.0,0.0
Uttar Pradesh,Kushinagar,693.9817302525524,5583.0,13.831365790350794,191289.41599281222,2455.0600035823036,219.68029002200245
Uttar Pradesh,Kushinagar *,0.0,0.0,-15.555555555555557,0.0,0.0,51.47358934828085
Uttar Pradesh,Lalitpur,718.2175622542595,2289.0,189.0118572151607,35773.89853137516,3080.952380952381,258.0182320032627
Uttar Pradesh,Lucknow,344.73273872637685,16033.0,45.92924911557729,15940.770784034203,1292.4842512318344,228.03772388731218
Uttar Pradesh,Maharajganj,266.64925373134326,13400.0,66.92359512206792,8763.13932204214,765.1044776119403,246.14273474932955
Uttar Pradesh,Mahoba,572.9219143576827,1588.0,91.8657174052697,91981.71838716489,2578.841309823678,187.33435305155436
Uttar Pradesh,Mahoba *,0.0,0.0,0.0,0.0,0.0,0.0
Uttar Pradesh,Mahrajganj,0.0,0.0,100.0,0.0,0.0,85.71428571428571
Uttar Pradesh,Mainpuri,248.84581048335673,7841.0,109.927673704488,12474.771299622364,890.1670705267186,199.1039740228781
Uttar Pradesh,Mathura,429.03025601241274,6445.0,123.26703554817686,23730.826246770106,1732.8316524437546,215.12862640742662
Uttar Pradesh,Mau,559.5866001425517,4209.0,179.05840699608416,89997.41997133302,1958.6837728676646,162.8444052785066
Uttar Pradesh,Meerut,243.22703066658505,16337.0,38.059108286196334,19847.663228136764,973.3672032808961,223.8556116945099
Uttar Pradesh,Mirzapur,614.7129763627593,4146.0,248.84883738366378,762403.6205648081,2435.6246985045827,214.2951103142256
Uttar Pradesh,Moradabad,402.60875152605536,15563.0,11.784810216707164,31922.654640822504,1073.6040609137056,284.73671771300366
Uttar Pradesh,Muzaffarnagar,697.0204841713222,6981.0,148.87422232294432,70135.92078635444,2480.4469273743016,256.7200715691605
Uttar Pradesh,Pilibhit,390.43030245205614,10481.0,146.8573241106061,25818.481103875307,1319.6641541837612,252.3825883881661
Uttar Pradesh,Pratapgarh,552.7704018410338,5649.0,50.9140733020499,255535.72994936953,2217.3659054699947,208.95805575105163
Uttar Pradesh,Prayagraj,350.1541623843782,1946.0,38.330234429645614,11036.311715782896,1111.3052415210689,166.21014333156086
Uttar Pradesh,Rae Bareli,757.8782826177573,4798.0,98.2484560183831,173629.6924042687,2614.6727803251356,212.08154839218628
Uttar Pradesh,Raebareli,0.0,0.0,0.0,0.0,0.0,0.0
Uttar Pradesh,Rampur,268.5989065278967,15181.0,157.97124726901905,16306.061024734294,831.3945062907582,250.1024766144899
Uttar Pradesh,Saharanpur,396.73850692452675,12203.0,17.467142642387515,54368.599950499134,1440.7031057936572,236.22199201624926
Uttar Pradesh,Sambhal,662.8372302158273,4448.0,142.5290856358681,46888.22009268714,2191.7940647482014,199.20169574168338
Uttar Pradesh,Sant Kabir Nagar,725.1719394773039,2908.0,63.47118099276376,210024.8361503967,2732.565337001375,208.17460119627808
Uttar Pradesh,Sant Ravidas Nagar,600.6705409029951,2237.0,231.5667466957598,596933.0201342282,2709.253464461332,187.7944107833892
Uttar Pradesh,Sant Ravidas Nagar Bhadohi,0.0,0.0,20.833333333333332,0.0,0.0,81.91912964413679
Uttar Pradesh,Shahjahanpur,186.91641760280328,19406.0,487.1074617355252,8948.814413507082,730.1762341543853,208.9039658639034
Uttar Pradesh,Shamli,567.5611052072264,3764.0,278.3361694918463,84334.724498216,2329.303931987248,241.530605581437
Uttar Pradesh,Shravasti,0.0,2535.0,0.0,0.0,0.0,0.0
Uttar Pradesh,Shrawasti,580.3342285884811,3351.0,246.27226593061778,17541.36047874121,1743.240823634736,260.6745226096041
Uttar Pradesh,Siddharth Nagar,0.0,4341.0,0.0,0.0,0.0,0.0
Uttar Pradesh,Siddharthnagar,271.836357332717,8653.0,136.01637486170964,7417.806048971917,1064.9254593782503,162.03607174107134
Uttar Pradesh,Sitapur,211.9360414866033,23140.0,222.83314928801502,8880.452554733163,1055.5401901469318,218.96153936045923
Uttar Pradesh,Sonbhadra,705.5358410220015,2818.0,513.2584604920241,300968.6107159792,3487.08303761533,205.81459118995542
Uttar Pradesh,Sultanpur,313.0094689172499,7287.0,227.57885943133252,19122.705225792382,1183.7107177164814,180.80111645662382
Uttar Pradesh,Unnao,306.9547293686541,13099.0,34.119637218447366,12390.590719063546,1113.123139170929,208.76417132176482
Uttar Pradesh,Varanasi,235.9367708819412,17144.0,122.4648537060424,8922.482590072357,960.300979934671,187.7242178214395
Uttarakhand,Almora,0.0,0.0,256.0340073720768,0.0,0.0,199.24504606869488
Uttarakhand,Bageshwar,0.0,0.0,529.2605726412086,0.0,0.0,149.3390790403231
Uttarakhand,Chamoli,0.0,0.0,172.72063890088043,0.0,0.0,231.05158710014447
Uttarakhand,Champawat,0.0,0.0,1948.6819160745056,0.0,0.0,246.1308356056955
Uttarakhand,Dehradun,414.91047377594674,6311.0,20.00202763021583,20063.619121643627,1667.5328790999843,278.30657271110886
Uttarakhand,Garhwal,0.0,0.0,34.25925925925927,0.0,0.0,66.95089151758921
Uttarakhand,Hardwar,0.0,0.0,60.845238095238095,0.0,0.0,77.54906565591565
Uttarakhand,Haridwar,816.650406504065,3075.0,81.33004777195346,47127.329038652126,2716.390243902439,242.76552246259246
Uttarakhand,Nainital,841.6028815848717,2221.0,276.97377679362137,25744.202450828958,2481.179648806844,301.89525933651026
Uttarakhand,Pauri Garhwal,0.0,0.0,308.93202169812736,0.0,0.0,181.67354378651413
Uttarakhand,Pithoragarh,0.0,0.0,407.7500407846692,0.0,0.0,159.79662321732718
Uttarakhand,Rudraprayag,0.0,0.0,209.86433370071592,0.0,0.0,199.49572937883212
Uttarakhand,Tehri Garhwal,444.2211055276382,1194.0,36.571098345623945,78768.26599326599,2953.098827470687,151.8925531922505
Uttarakhand,Udham Singh Nagar,1611.043153244988,2943.0,227.64745371938244,1390306.1904761905,3811.8586476384644,303.4487373357035
Uttarakhand,Uttarkashi,0.0,0.0,104.9615252931708,0.0,0.0,167.43277440068852
West  Bengal,Hooghly,0.0,0.0,0.0,0.0,0.0,59.14847651505893
West Bangal,24 South Parganas,0.0,0.0,0.0,0.0,0.0,0.0
West Bangal,Hooghly,0.0,0.0,12.5,0.0,0.0,66.66666666666666
West Bangal,Howrah,0.0,0.0,0.0,0.0,0.0,33.33333333333333
West Bengal,24 North Parganas,540.9601238869532,15498.0,15.844068430943189,24161.621616314347,1589.6502774551554,147.62436105861718
West Bengal,24 Paraganas North,0.0,6147.0,0.0,0.0,0.0,0.0
West Bengal,24 South Parganas,832.0789093422127,15917.0,21.468752615540705,192019.69254636345,1835.5154865866684,211.5444557777905
West Bengal,Alipurduar,89.29377620122541,3101.0,19.975557837234295,764.5753231097816,270.17091260883586,112.84855037671791
West Bengal,Bally Jagachha,0.0,0.0,0.0,0.0,0.0,0.0
West Bengal,Bankura,702.6480045394363,5287.0,45.66056824121637,77120.42477425918,2126.53678834878,118.23176146158761
West Bengal,Barddhaman,553.8782318598832,8393.0,38.34310633720161,731002.0348952743,2076.4446562611697,107.24435738427263
West Bengal,Bardhaman,0.0,0.0,35.712361539226954,0.0,0.0,42.394917556920305
West Bengal,Birbhum,560.1254149760236,8133.0,31.765746883705717,57494.286685475374,1468.6216648223287,198.28862334864345
West Bengal,Burdwan,0.0,0.0,0.0,0.0,0.0,0.0
West Bengal,Cooch Behar,447.25998598458307,7135.0,5.27982025521814,18821.618911174784,916.8185003503854,114.04938413099515
West Bengal,Coochbehar,0.0,4410.0,0.0,0.0,0.0,0.0
West Bengal,Dakshin Dinajpur,593.1598513011153,4035.0,36.4854808343874,37570.50943396227,1387.5340768277572,135.69285031514323
West Bengal,Darjeeling,293.04641984589364,5321.0,12.469859409598994,2538.8269599048376,825.9161811689532,167.12770616293002
West Bengal,Darjiling,0.0,0.0,3.817056790376947,0.0,0.0,82.59654230178633
West Bengal,Dinajpur Uttar,0.0,11671.0,0.0,0.0,0.0,0.0
West Bengal,East Midnapore,606.9087688219663,1129.0,14.006930079664373,668985.6382978724,2120.903454384411,57.64542539695163
West Bengal,East Midnapur,0.0,0.0,0.0,0.0,0.0,70.71067811865476
West Bengal,Haora,597.0570202329859,1631.0,11.537759688578516,4.5370938074800735,1816.3090128755364,47.509579674215786
West Bengal,Hawrah,0.0,0.0,0.0,0.0,0.0,0.0
West Bengal,Hooghiy,0.0,0.0,0.0,0.0,0.0,0.0
West Bengal,Hooghly,605.9599472358796,8339.0,20.853615100773585,50374.23184963865,2028.204820721909,145.08441484255272
West Bengal,Howrah,472.6903235891824,6397.0,14.753067658719319,57827.40120622918,1659.246521807097,184.51248221369033
West Bengal,Hugli,0.0,0.0,33.45238095238095,0.0,0.0,60.33947962149845
West Bengal,Jalpaiguri,808.3396283426499,6619.0,11.694562121299898,15781.274021345313,1692.2646925517452,85.932683563468
West Bengal,Jhargram,0.0,0.0,47.04354687507071,0.0,0.0,224.85418941209642
West Bengal,Kalimpong,0.0,0.0,19.244303907129865,0.0,0.0,195.21413797498482
West Bengal,Koch Bihar,829.6534653465347,2020.0,21.863313263553216,416244.5932539682,1255.7425742574258,53.70952293586004
West Bengal,Kolkata,491.30938586326766,6041.0,81.67875659637932,7291.163031882303,1557.1759642443303,139.94284770788877
West Bengal,Malda,767.2731331621833,8959.0,19.20617915170717,152413.1578227646,1501.9086951668714,228.9254005922289
West Bengal,Maldah,0.0,0.0,63.57981778321178,0.0,0.0,45.893148459691204
West Bengal,Medinipur,0.0,0.0,50.0,0.0,0.0,78.3332719821105
West Bengal,Murshidabad,558.7503701510216,20262.0,11.560859757049176,611371.8431566254,1320.0227025959925,206.64773742163948
West Bengal,Nadia,497.14524827970985,10754.0,-1.830992692968175,11765.580272286357,1369.3602380509578,98.95186305793906
West Bengal,North Dinajpur,0.0,0.0,118.11043625963816,0.0,0.0,41.276778807721556
West Bengal,North Twenty Four Parganas,0.0,0.0,14.57627408801761,0.0,0.0,34.69645447889365
West Bengal,Paschim Bardhaman,0.0,0.0,8.875282350567407,0.0,0.0,189.1580997228026
West Bengal,Paschim Medinipur,669.2205128205128,9750.0,27.973088014065453,209228.96360172966,1708.2871794871796,124.92697888256036
West Bengal,Purba Bardhaman,481.6838046272494,1556.0,57.64161943521497,18224.651708983507,1091.6452442159382,230.56782021897683
West Bengal,Purba Medinipur,384.5128205128205,7800.0,16.37266007342825,151041.8230103658,1570.1923076923076,160.890859648584
West Bengal,Purulia,0.0,0.0,191.78410592110296,0.0,0.0,43.332961922027174
West Bengal,Puruliya,662.8619153674833,7184.0,87.17490827594233,109451.55655095185,1544.0840757238307,151.1312741555659
West Bengal,South 24 Pargana,0.0,0.0,0.0,0.0,0.0,0.0
West Bengal,South Dinajpur,0.0,0.0,54.84063024736709,0.0,0.0,83.69910376117589
West Bengal,South Dumdum(M),0.0,0.0,0.0,0.0,0.0,0.0
West Bengal,South Twenty Four Parganas,619.6363636363636,1925.0,6.323232326824485,390856.1567811307,1776.3116883116884,43.03062920732834
West Bengal,Uttar Dinajpur,513.5766258672232,17729.0,48.97036685195613,31754.878056598627,869.8854983360595,229.89834437145316
West Bengal,West Medinipur,0.0,0.0,0.0,0.0,0.0,0.0
West Bengal,West Midnapore,812.0409906063195,1171.0,161.4031230404674,938489.4017094017,1838.5140905209223,49.24297333008676
West Bengli,Hooghly,0.0,0.0,0.0,0.0,0.0,0.0
Westbengal,Hooghly,0.0,0.0,16.666666666666668,0.0,0.0,46.004370622823615
Westbengal,Howrah,0.0,0.0,0.0,0.0,0.0,0.0
